Customer_ID,Name,Age,Monthly_Salary_INR,Loan_Amount_INR,Credit_Score,Missed_Payments_12M,Previous_Default,Actual,Prediction,Default_Probability_%
LNDF0001,Aarav Sharma,59,41471,282152,541,2,0,Defaulter,Defaulter,95.12
LNDF0002,Vivaan Joshi,49,44010,570688,678,0,0,Non-Defaulter,Non-Defaulter,4.65
LNDF0003,Aditya Bansal,35,66408,183934,688,4,0,Defaulter,Defaulter,97.34
LNDF0004,Arjun Mehta,28,46162,159820,749,1,0,Non-Defaulter,Non-Defaulter,3.97
LNDF0005,Rohan Sinha,41,31551,478037,732,1,0,Non-Defaulter,Non-Defaulter,0.19
LNDF0006,Rahul Gupta,59,33536,674160,733,2,1,Defaulter,Defaulter,85.75
LNDF0007,Karan Chauhan,39,70058,1225955,617,1,0,Defaulter,Defaulter,93.68
LNDF0008,Nikhil Patel,43,29842,1892196,710,1,0,Defaulter,Non-Defaulter,7.75
LNDF0009,Vikram Mishra,31,103137,1033319,783,3,0,Non-Defaulter,Non-Defaulter,3.62
LNDF0010,Yash Kumar,31,40312,745868,705,3,0,Non-Defaulter,Non-Defaulter,23.33
LNDF0011,Ananya Malhotra,44,72576,545984,799,2,0,Non-Defaulter,Non-Defaulter,0.22
LNDF0012,Pooja Singh,56,41415,215386,811,2,0,Non-Defaulter,Non-Defaulter,0.08
LNDF0013,Riya Kapoor,60,36433,461410,663,1,0,Non-Defaulter,Non-Defaulter,3.12
LNDF0014,Sneha Verma,44,61441,1016698,635,1,1,Defaulter,Defaulter,54.8
LNDF0015,Kavya Agarwal,23,88291,819474,631,1,1,Defaulter,Defaulter,92.15
LNDF0016,Simran Sharma,42,49206,246441,581,0,1,Defaulter,Defaulter,97.02
LNDF0017,Meera Joshi,22,53403,700870,646,1,0,Defaulter,Defaulter,89.93
LNDF0018,Isha Bansal,44,79097,668626,758,1,0,Non-Defaulter,Non-Defaulter,0.27
LNDF0019,Priya Mehta,50,80284,606102,537,1,0,Defaulter,Defaulter,87.97
LNDF0020,Neha Sinha,58,54056,492398,613,3,0,Defaulter,Defaulter,96.43
LNDF0021,Aarav Gupta,22,45050,721029,672,2,0,Defaulter,Defaulter,94.09
LNDF0022,Vivaan Chauhan,41,57084,733722,623,0,0,Non-Defaulter,Non-Defaulter,7.61
LNDF0023,Aditya Patel,53,50472,351358,646,5,0,Defaulter,Defaulter,97.66
LNDF0024,Arjun Mishra,32,63318,642178,647,0,0,Defaulter,Defaulter,92.0
LNDF0025,Rohan Kumar,42,32134,450537,663,0,0,Non-Defaulter,Non-Defaulter,10.12
LNDF0026,Rahul Malhotra,45,62306,220661,633,6,0,Defaulter,Defaulter,94.84
LNDF0027,Karan Singh,47,39809,367133,627,2,0,Defaulter,Defaulter,97.15
LNDF0028,Nikhil Kapoor,48,82680,211575,741,2,0,Non-Defaulter,Non-Defaulter,1.74
LNDF0029,Vikram Verma,36,40639,857190,748,0,0,Non-Defaulter,Non-Defaulter,1.64
LNDF0030,Yash Agarwal,35,40957,608105,590,3,0,Defaulter,Defaulter,98.97
LNDF0031,Ananya Sharma,23,67206,411204,501,0,0,Defaulter,Defaulter,99.0
LNDF0032,Pooja Joshi,57,55353,1092141,749,0,0,Non-Defaulter,Non-Defaulter,8.57
LNDF0033,Riya Bansal,27,153213,519051,600,0,0,Non-Defaulter,Defaulter,81.42
LNDF0034,Sneha Mehta,41,26421,227565,694,0,0,Non-Defaulter,Non-Defaulter,4.41
LNDF0035,Kavya Sinha,29,57787,392641,578,2,0,Defaulter,Defaulter,99.05
LNDF0036,Simran Gupta,59,91439,1227430,764,0,1,Non-Defaulter,Non-Defaulter,4.7
LNDF0037,Meera Chauhan,38,42398,345985,845,0,0,Non-Defaulter,Non-Defaulter,0.11
LNDF0038,Isha Patel,24,36510,581715,692,3,0,Defaulter,Defaulter,81.34
LNDF0039,Priya Mishra,45,37168,752755,674,1,0,Non-Defaulter,Non-Defaulter,12.57
LNDF0040,Neha Kumar,34,26628,691650,659,1,0,Non-Defaulter,Non-Defaulter,7.75
LNDF0041,Aarav Malhotra,29,100958,1923325,731,1,0,Non-Defaulter,Non-Defaulter,4.91
LNDF0042,Vivaan Singh,46,47418,261816,717,0,0,Non-Defaulter,Non-Defaulter,10.81
LNDF0043,Aditya Kapoor,22,44958,276595,745,3,0,Non-Defaulter,Non-Defaulter,5.05
LNDF0044,Arjun Verma,40,21147,264210,639,2,0,Non-Defaulter,Non-Defaulter,21.51
LNDF0045,Rohan Agarwal,48,28852,424900,702,1,0,Defaulter,Defaulter,79.15
LNDF0046,Rahul Sharma,27,106352,915313,645,1,0,Defaulter,Defaulter,95.55
LNDF0047,Karan Joshi,28,63038,283484,611,2,0,Defaulter,Defaulter,88.12
LNDF0048,Nikhil Bansal,55,92968,922379,677,1,0,Non-Defaulter,Non-Defaulter,8.22
LNDF0049,Vikram Mehta,34,87824,509754,620,1,0,Non-Defaulter,Non-Defaulter,23.53
LNDF0050,Yash Sinha,37,35060,271690,756,1,0,Non-Defaulter,Non-Defaulter,0.57
LNDF0051,Ananya Gupta,56,164147,190825,624,2,1,Defaulter,Defaulter,97.61
LNDF0052,Pooja Chauhan,60,132252,215820,704,1,0,Non-Defaulter,Non-Defaulter,8.43
LNDF0053,Riya Patel,24,42676,346675,641,1,1,Defaulter,Defaulter,96.6
LNDF0054,Sneha Mishra,22,18000,455582,698,0,0,Non-Defaulter,Non-Defaulter,0.87
LNDF0055,Kavya Kumar,26,46847,1048319,646,1,1,Defaulter,Defaulter,96.59
LNDF0056,Simran Malhotra,24,61226,775964,598,0,0,Defaulter,Defaulter,95.63
LNDF0057,Meera Singh,49,42600,315195,711,1,0,Non-Defaulter,Non-Defaulter,1.78
LNDF0058,Isha Kapoor,38,49782,626015,665,2,1,Defaulter,Defaulter,94.9
LNDF0059,Priya Verma,46,37881,1240114,699,0,0,Non-Defaulter,Non-Defaulter,3.06
LNDF0060,Neha Agarwal,54,83268,1401450,652,2,0,Defaulter,Defaulter,94.72
LNDF0061,Aarav Sharma,30,56598,420601,594,1,0,Non-Defaulter,Non-Defaulter,27.03
LNDF0062,Vivaan Joshi,56,84396,846971,750,4,0,Non-Defaulter,Non-Defaulter,16.3
LNDF0063,Aditya Bansal,34,95328,1073934,728,2,0,Non-Defaulter,Non-Defaulter,8.33
LNDF0064,Arjun Mehta,51,20674,218267,643,3,0,Defaulter,Defaulter,95.25
LNDF0065,Rohan Sinha,35,38885,377203,685,2,1,Defaulter,Defaulter,94.34
LNDF0066,Rahul Gupta,28,41534,1695306,748,2,0,Non-Defaulter,Non-Defaulter,9.15
LNDF0067,Karan Chauhan,34,174941,423705,650,0,1,Defaulter,Defaulter,90.69
LNDF0068,Nikhil Patel,43,58814,99852,660,4,1,Defaulter,Defaulter,97.0
LNDF0069,Vikram Mishra,60,79280,467818,696,0,0,Non-Defaulter,Non-Defaulter,16.22
LNDF0070,Yash Kumar,41,23595,928112,650,1,0,Non-Defaulter,Non-Defaulter,5.43
LNDF0071,Ananya Malhotra,36,58661,501794,736,1,0,Non-Defaulter,Non-Defaulter,0.62
LNDF0072,Pooja Singh,38,85419,741043,669,1,0,Non-Defaulter,Non-Defaulter,15.45
LNDF0073,Riya Kapoor,44,81062,837675,629,1,0,Defaulter,Non-Defaulter,49.44
LNDF0074,Sneha Verma,46,72811,411329,720,0,0,Non-Defaulter,Non-Defaulter,1.17
LNDF0075,Kavya Agarwal,45,55323,375757,606,0,0,Non-Defaulter,Non-Defaulter,42.9
LNDF0076,Simran Sharma,49,56545,544028,811,1,0,Non-Defaulter,Non-Defaulter,0.21
LNDF0077,Meera Joshi,35,25671,551359,783,0,0,Non-Defaulter,Non-Defaulter,0.27
LNDF0078,Isha Bansal,21,36675,515094,713,0,0,Non-Defaulter,Non-Defaulter,0.57
LNDF0079,Priya Mehta,45,61023,526865,708,1,0,Non-Defaulter,Non-Defaulter,11.05
LNDF0080,Neha Sinha,27,39851,331261,705,1,0,Non-Defaulter,Non-Defaulter,2.91
LNDF0081,Aarav Gupta,29,74987,755414,648,2,0,Non-Defaulter,Non-Defaulter,5.41
LNDF0082,Vivaan Chauhan,44,67856,695190,699,3,1,Defaulter,Non-Defaulter,46.74
LNDF0083,Aditya Patel,21,101763,239800,620,3,0,Non-Defaulter,Defaulter,70.58
LNDF0084,Arjun Mishra,28,84652,403658,713,2,0,Non-Defaulter,Non-Defaulter,3.07
LNDF0085,Rohan Kumar,44,60922,526263,736,0,0,Non-Defaulter,Non-Defaulter,0.11
LNDF0086,Rahul Malhotra,31,77009,372686,655,1,1,Defaulter,Defaulter,96.19
LNDF0087,Karan Singh,37,86455,709927,641,1,0,Non-Defaulter,Non-Defaulter,7.88
LNDF0088,Nikhil Kapoor,28,43772,481941,601,2,0,Non-Defaulter,Non-Defaulter,30.93
LNDF0089,Vikram Verma,55,47424,548725,775,1,1,Non-Defaulter,Non-Defaulter,14.98
LNDF0090,Yash Agarwal,55,52655,401103,646,0,0,Non-Defaulter,Non-Defaulter,9.78
LNDF0091,Ananya Sharma,53,44405,167057,667,2,0,Defaulter,Defaulter,94.18
LNDF0092,Pooja Joshi,25,86868,161890,700,4,0,Defaulter,Defaulter,91.03
LNDF0093,Riya Bansal,59,41473,691521,698,2,1,Non-Defaulter,Non-Defaulter,17.09
LNDF0094,Sneha Mehta,48,96600,579062,729,1,0,Non-Defaulter,Non-Defaulter,0.11
LNDF0095,Kavya Sinha,27,46628,636429,655,1,0,Defaulter,Defaulter,51.34
LNDF0096,Simran Gupta,29,68027,538382,606,1,0,Non-Defaulter,Non-Defaulter,14.08
LNDF0097,Meera Chauhan,28,59277,562629,595,4,0,Defaulter,Defaulter,98.89
LNDF0098,Isha Patel,32,35451,851987,642,1,0,Non-Defaulter,Non-Defaulter,11.24
LNDF0099,Priya Mishra,54,54510,638517,618,1,0,Defaulter,Defaulter,98.04
LNDF0100,Neha Kumar,53,63910,886347,660,0,0,Non-Defaulter,Non-Defaulter,7.37
LNDF0101,Aarav Malhotra,43,53432,549447,765,1,0,Non-Defaulter,Non-Defaulter,0.76
LNDF0102,Vivaan Singh,44,30058,423858,655,2,0,Non-Defaulter,Non-Defaulter,22.83
LNDF0103,Aditya Kapoor,57,118271,556362,655,2,0,Non-Defaulter,Non-Defaulter,5.4
LNDF0104,Arjun Verma,55,57214,315674,679,1,0,Non-Defaulter,Defaulter,63.32
LNDF0105,Rohan Agarwal,60,38471,405732,654,2,0,Non-Defaulter,Non-Defaulter,16.24
LNDF0106,Rahul Sharma,42,114055,551296,676,1,0,Non-Defaulter,Non-Defaulter,17.73
LNDF0107,Karan Joshi,47,72614,547292,715,0,0,Defaulter,Defaulter,68.65
LNDF0108,Nikhil Bansal,55,32049,471575,738,2,0,Non-Defaulter,Non-Defaulter,1.41
LNDF0109,Vikram Mehta,21,34374,233016,745,1,0,Non-Defaulter,Non-Defaulter,0.11
LNDF0110,Yash Sinha,55,49762,709552,814,1,0,Non-Defaulter,Non-Defaulter,0.19
LNDF0111,Ananya Gupta,57,62873,791107,717,1,0,Non-Defaulter,Non-Defaulter,0.62
LNDF0112,Pooja Chauhan,34,72791,1234767,825,1,0,Non-Defaulter,Non-Defaulter,0.11
LNDF0113,Riya Patel,23,84345,637520,630,3,1,Defaulter,Defaulter,99.0
LNDF0114,Sneha Mishra,21,70115,500402,816,2,0,Non-Defaulter,Non-Defaulter,0.6
LNDF0115,Kavya Kumar,25,100823,286415,655,3,0,Defaulter,Defaulter,95.54
LNDF0116,Simran Malhotra,46,58229,1135942,662,0,1,Defaulter,Defaulter,95.59
LNDF0117,Meera Singh,34,39075,573017,672,1,0,Non-Defaulter,Non-Defaulter,19.97
LNDF0118,Isha Kapoor,59,54917,556108,666,3,0,Defaulter,Defaulter,51.04
LNDF0119,Priya Verma,47,53319,434796,686,0,0,Non-Defaulter,Non-Defaulter,0.68
LNDF0120,Neha Agarwal,29,18000,419778,642,3,0,Defaulter,Defaulter,95.12
LNDF0121,Aarav Sharma,35,42722,730081,734,0,0,Non-Defaulter,Non-Defaulter,0.44
LNDF0122,Vivaan Joshi,35,63353,285093,644,0,0,Non-Defaulter,Non-Defaulter,19.37
LNDF0123,Aditya Bansal,46,45442,1222430,723,1,0,Non-Defaulter,Non-Defaulter,0.49
LNDF0124,Arjun Mehta,33,41122,1084363,779,0,0,Non-Defaulter,Non-Defaulter,0.3
LNDF0125,Rohan Sinha,52,82885,411527,657,0,0,Non-Defaulter,Non-Defaulter,7.88
LNDF0126,Rahul Gupta,59,36412,310904,732,2,1,Non-Defaulter,Non-Defaulter,25.25
LNDF0127,Karan Chauhan,52,75759,165049,716,0,0,Non-Defaulter,Non-Defaulter,3.06
LNDF0128,Nikhil Patel,24,30193,251220,826,1,0,Non-Defaulter,Non-Defaulter,0.74
LNDF0129,Vikram Mishra,50,190505,746996,647,0,0,Non-Defaulter,Non-Defaulter,13.89
LNDF0130,Yash Kumar,57,49913,594693,732,0,0,Non-Defaulter,Non-Defaulter,0.0
LNDF0131,Ananya Malhotra,43,47554,655972,574,1,0,Defaulter,Defaulter,98.3
LNDF0132,Pooja Singh,59,91993,181189,648,0,0,Non-Defaulter,Non-Defaulter,23.15
LNDF0133,Riya Kapoor,35,45555,402184,703,1,0,Non-Defaulter,Non-Defaulter,1.06
LNDF0134,Sneha Verma,49,105853,1060619,771,2,0,Non-Defaulter,Non-Defaulter,3.32
LNDF0135,Kavya Agarwal,56,65011,474278,600,1,0,Defaulter,Defaulter,99.15
LNDF0136,Simran Sharma,33,52146,248352,731,1,0,Non-Defaulter,Non-Defaulter,0.85
LNDF0137,Meera Joshi,52,49704,470232,676,2,1,Defaulter,Defaulter,98.6
LNDF0138,Isha Bansal,27,94703,327192,581,6,1,Defaulter,Defaulter,82.12
LNDF0139,Priya Mehta,42,61011,600722,692,1,0,Non-Defaulter,Non-Defaulter,12.6
LNDF0140,Neha Sinha,48,66811,505682,791,0,0,Non-Defaulter,Non-Defaulter,0.0
LNDF0141,Aarav Gupta,22,70160,674129,607,5,0,Defaulter,Defaulter,96.76
LNDF0142,Vivaan Chauhan,26,58391,255891,673,0,0,Non-Defaulter,Non-Defaulter,0.87
LNDF0143,Aditya Patel,48,69496,390651,616,1,1,Defaulter,Defaulter,66.96
LNDF0144,Arjun Mishra,48,52148,910822,650,3,0,Defaulter,Defaulter,70.23
LNDF0145,Rohan Kumar,40,53781,237402,773,0,0,Non-Defaulter,Non-Defaulter,0.3
LNDF0146,Rahul Malhotra,50,33239,287982,662,1,1,Non-Defaulter,Non-Defaulter,41.86
LNDF0147,Karan Singh,31,62886,557923,771,1,0,Non-Defaulter,Non-Defaulter,0.3
LNDF0148,Nikhil Kapoor,48,25369,585408,752,1,0,Non-Defaulter,Non-Defaulter,0.55
LNDF0149,Vikram Verma,45,62485,382122,656,1,0,Non-Defaulter,Non-Defaulter,16.22
LNDF0150,Yash Agarwal,59,48475,429006,647,0,0,Defaulter,Defaulter,87.98
LNDF0151,Ananya Sharma,53,65098,670405,622,0,0,Defaulter,Defaulter,94.51
LNDF0152,Pooja Joshi,21,34307,797839,619,1,0,Non-Defaulter,Non-Defaulter,46.99
LNDF0153,Riya Bansal,47,21192,277699,703,2,0,Non-Defaulter,Non-Defaulter,10.16
LNDF0154,Sneha Mehta,33,46967,610931,679,1,0,Non-Defaulter,Non-Defaulter,1.5
LNDF0155,Kavya Sinha,23,34352,1148506,639,0,0,Non-Defaulter,Non-Defaulter,33.58
LNDF0156,Simran Gupta,59,24682,469124,579,2,0,Defaulter,Defaulter,96.57
LNDF0157,Meera Chauhan,26,77705,276082,687,1,0,Non-Defaulter,Non-Defaulter,13.76
LNDF0158,Isha Patel,28,113057,269147,649,0,0,Defaulter,Defaulter,87.42
LNDF0159,Priya Mishra,47,38425,457695,667,1,0,Defaulter,Defaulter,93.86
LNDF0160,Neha Kumar,29,53156,883882,700,0,0,Non-Defaulter,Non-Defaulter,0.71
LNDF0161,Aarav Malhotra,57,47886,488917,517,0,0,Defaulter,Defaulter,99.27
LNDF0162,Vivaan Singh,53,40888,554843,580,1,0,Defaulter,Defaulter,96.57
LNDF0163,Aditya Kapoor,44,74144,289056,829,1,0,Non-Defaulter,Non-Defaulter,0.0
LNDF0164,Arjun Verma,35,86652,858617,647,1,0,Non-Defaulter,Non-Defaulter,18.67
LNDF0165,Rohan Agarwal,52,37206,266266,516,1,0,Defaulter,Defaulter,99.58
LNDF0166,Rahul Sharma,52,56119,378848,586,2,0,Defaulter,Defaulter,93.8
LNDF0167,Karan Joshi,44,98040,707022,841,0,0,Non-Defaulter,Non-Defaulter,0.08
LNDF0168,Nikhil Bansal,32,74993,162865,634,2,0,Non-Defaulter,Non-Defaulter,22.57
LNDF0169,Vikram Mehta,59,80182,550203,755,2,0,Non-Defaulter,Non-Defaulter,1.81
LNDF0170,Yash Sinha,22,101791,282342,688,0,0,Non-Defaulter,Non-Defaulter,13.28
LNDF0171,Ananya Gupta,23,101191,504572,648,0,0,Defaulter,Defaulter,85.29
LNDF0172,Pooja Chauhan,57,87376,411981,730,1,1,Non-Defaulter,Non-Defaulter,3.95
LNDF0173,Riya Patel,37,58707,1592113,525,0,0,Defaulter,Defaulter,94.67
LNDF0174,Sneha Mishra,22,46303,402780,586,0,0,Defaulter,Defaulter,94.69
LNDF0175,Kavya Kumar,22,57622,1377556,648,3,0,Defaulter,Defaulter,98.05
LNDF0176,Simran Malhotra,48,43244,690511,593,3,0,Defaulter,Defaulter,97.02
LNDF0177,Meera Singh,43,22845,321760,642,2,0,Non-Defaulter,Non-Defaulter,15.98
LNDF0178,Isha Kapoor,57,48500,599775,735,4,0,Non-Defaulter,Non-Defaulter,6.95
LNDF0179,Priya Verma,52,64600,422920,689,0,0,Non-Defaulter,Non-Defaulter,15.86
LNDF0180,Neha Agarwal,53,42227,571232,766,0,0,Non-Defaulter,Non-Defaulter,0.24
LNDF0181,Aarav Sharma,21,50430,337636,693,1,0,Non-Defaulter,Non-Defaulter,4.43
LNDF0182,Vivaan Joshi,39,51317,1266745,745,0,0,Non-Defaulter,Non-Defaulter,0.52
LNDF0183,Aditya Bansal,22,101283,831788,676,0,0,Non-Defaulter,Non-Defaulter,1.8
LNDF0184,Arjun Mehta,46,46786,508817,642,4,0,Defaulter,Defaulter,98.71
LNDF0185,Rohan Sinha,52,101273,1294165,776,6,0,Non-Defaulter,Non-Defaulter,1.2
LNDF0186,Rahul Gupta,26,18000,520850,634,0,0,Defaulter,Defaulter,90.84
LNDF0187,Karan Chauhan,52,100874,914431,702,0,0,Non-Defaulter,Non-Defaulter,0.87
LNDF0188,Nikhil Patel,24,98609,510644,730,0,0,Non-Defaulter,Non-Defaulter,4.42
LNDF0189,Vikram Mishra,31,82545,620947,735,0,0,Non-Defaulter,Non-Defaulter,0.78
LNDF0190,Yash Kumar,37,22242,478098,604,0,0,Defaulter,Defaulter,97.81
LNDF0191,Ananya Malhotra,58,86993,526907,748,1,0,Non-Defaulter,Non-Defaulter,0.19
LNDF0192,Pooja Singh,44,53773,549166,616,1,0,Defaulter,Defaulter,65.26
LNDF0193,Riya Kapoor,25,18000,345937,733,2,0,Non-Defaulter,Non-Defaulter,1.03
LNDF0194,Sneha Verma,54,98644,401024,715,1,0,Non-Defaulter,Non-Defaulter,7.32
LNDF0195,Kavya Agarwal,26,105342,443808,733,0,1,Non-Defaulter,Non-Defaulter,3.18
LNDF0196,Simran Sharma,42,23343,567335,602,1,0,Defaulter,Defaulter,97.49
LNDF0197,Meera Joshi,31,59518,491661,718,1,0,Non-Defaulter,Non-Defaulter,0.41
LNDF0198,Isha Bansal,36,102740,953154,751,1,0,Non-Defaulter,Non-Defaulter,0.11
LNDF0199,Priya Mehta,53,95670,796736,693,1,0,Non-Defaulter,Non-Defaulter,2.51
LNDF0200,Neha Sinha,29,80123,448823,627,1,0,Defaulter,Defaulter,98.08
LNDF0201,Aarav Gupta,26,18000,1069118,740,0,0,Non-Defaulter,Non-Defaulter,2.21
LNDF0202,Vivaan Chauhan,36,76373,1400759,687,0,1,Defaulter,Defaulter,82.97
LNDF0203,Aditya Patel,49,49858,162472,571,0,0,Defaulter,Defaulter,93.43
LNDF0204,Arjun Mishra,23,86097,834946,622,1,0,Defaulter,Defaulter,94.2
LNDF0205,Rohan Kumar,40,61720,341541,646,2,0,Defaulter,Defaulter,76.9
LNDF0206,Rahul Malhotra,56,54510,776673,778,3,0,Non-Defaulter,Non-Defaulter,0.3
LNDF0207,Karan Singh,39,73386,987957,766,2,0,Non-Defaulter,Non-Defaulter,6.37
LNDF0208,Nikhil Kapoor,46,50906,308667,766,2,0,Non-Defaulter,Non-Defaulter,1.06
LNDF0209,Vikram Verma,23,54402,180518,695,3,0,Defaulter,Defaulter,94.86
LNDF0210,Yash Agarwal,39,42840,791632,739,4,0,Non-Defaulter,Non-Defaulter,17.56
LNDF0211,Ananya Sharma,40,26706,538657,606,1,0,Defaulter,Defaulter,97.8
LNDF0212,Pooja Joshi,52,71013,199730,680,2,0,Non-Defaulter,Non-Defaulter,4.9
LNDF0213,Riya Bansal,27,38268,2009957,709,1,1,Non-Defaulter,Non-Defaulter,12.02
LNDF0214,Sneha Mehta,53,50248,704888,610,1,0,Defaulter,Defaulter,97.47
LNDF0215,Kavya Sinha,60,62582,722822,694,1,0,Non-Defaulter,Non-Defaulter,3.78
LNDF0216,Simran Gupta,59,21520,1059771,790,1,0,Non-Defaulter,Non-Defaulter,1.95
LNDF0217,Meera Chauhan,38,23801,363273,716,1,0,Non-Defaulter,Non-Defaulter,1.54
LNDF0218,Isha Patel,60,48060,537193,740,3,0,Non-Defaulter,Non-Defaulter,18.05
LNDF0219,Priya Mishra,21,67484,242010,521,1,0,Defaulter,Defaulter,96.17
LNDF0220,Neha Kumar,31,76873,357894,781,4,0,Non-Defaulter,Non-Defaulter,3.99
LNDF0221,Aarav Malhotra,48,26876,618144,668,0,0,Non-Defaulter,Non-Defaulter,18.8
LNDF0222,Vivaan Singh,45,73246,200077,630,1,0,Non-Defaulter,Non-Defaulter,13.71
LNDF0223,Aditya Kapoor,43,49257,352358,669,1,0,Defaulter,Non-Defaulter,38.2
LNDF0224,Arjun Verma,51,36963,300139,583,1,0,Defaulter,Defaulter,99.19
LNDF0225,Rohan Agarwal,50,41078,540643,748,2,0,Non-Defaulter,Non-Defaulter,1.07
LNDF0226,Rahul Sharma,55,78899,685874,658,3,0,Defaulter,Defaulter,62.57
LNDF0227,Karan Joshi,27,62217,752042,632,0,0,Non-Defaulter,Non-Defaulter,10.73
LNDF0228,Nikhil Bansal,36,56259,866063,669,1,0,Defaulter,Defaulter,92.23
LNDF0229,Vikram Mehta,46,61369,1063449,753,5,0,Non-Defaulter,Non-Defaulter,3.8
LNDF0230,Yash Sinha,22,83511,698261,689,0,0,Non-Defaulter,Non-Defaulter,4.15
LNDF0231,Ananya Gupta,21,52649,1411831,588,2,0,Defaulter,Defaulter,99.28
LNDF0232,Pooja Chauhan,32,56361,533967,710,2,1,Non-Defaulter,Non-Defaulter,8.66
LNDF0233,Riya Patel,25,91791,454538,620,1,1,Defaulter,Defaulter,94.5
LNDF0234,Sneha Mishra,57,47376,698285,540,1,0,Defaulter,Defaulter,99.93
LNDF0235,Kavya Kumar,52,72639,443892,777,1,1,Non-Defaulter,Non-Defaulter,1.85
LNDF0236,Simran Malhotra,29,43845,1385088,710,1,0,Non-Defaulter,Non-Defaulter,1.22
LNDF0237,Meera Singh,55,45613,931363,675,0,0,Non-Defaulter,Non-Defaulter,4.15
LNDF0238,Isha Kapoor,39,52484,755410,658,1,0,Defaulter,Defaulter,90.46
LNDF0239,Priya Verma,36,69353,537478,771,0,0,Non-Defaulter,Non-Defaulter,0.27
LNDF0240,Neha Agarwal,23,94134,399613,850,1,0,Non-Defaulter,Non-Defaulter,0.11
LNDF0241,Aarav Sharma,40,57442,735343,709,1,0,Non-Defaulter,Non-Defaulter,2.62
LNDF0242,Vivaan Joshi,44,28006,268998,613,1,1,Defaulter,Defaulter,95.38
LNDF0243,Aditya Bansal,53,73075,1162709,670,1,0,Non-Defaulter,Non-Defaulter,5.53
LNDF0244,Arjun Mehta,44,165929,453460,708,1,0,Non-Defaulter,Non-Defaulter,4.9
LNDF0245,Rohan Sinha,31,57756,591355,527,2,0,Defaulter,Defaulter,96.92
LNDF0246,Rahul Gupta,28,25493,303180,702,1,0,Non-Defaulter,Non-Defaulter,1.68
LNDF0247,Karan Chauhan,56,59363,744156,708,5,0,Defaulter,Defaulter,88.94
LNDF0248,Nikhil Patel,58,54925,389573,766,1,0,Non-Defaulter,Non-Defaulter,0.0
LNDF0249,Vikram Mishra,60,52886,714572,759,3,1,Non-Defaulter,Non-Defaulter,11.82
LNDF0250,Yash Kumar,40,84164,758372,687,2,0,Non-Defaulter,Non-Defaulter,44.76
LNDF0251,Ananya Malhotra,55,102264,350167,778,1,0,Non-Defaulter,Non-Defaulter,1.15
LNDF0252,Pooja Singh,45,74810,269527,812,1,0,Non-Defaulter,Non-Defaulter,0.41
LNDF0253,Riya Kapoor,55,51803,1161135,682,0,0,Non-Defaulter,Non-Defaulter,13.61
LNDF0254,Sneha Verma,45,91276,449818,707,0,1,Non-Defaulter,Non-Defaulter,21.52
LNDF0255,Kavya Agarwal,49,28081,565819,565,0,0,Defaulter,Defaulter,98.89
LNDF0256,Simran Sharma,38,39849,653024,586,3,0,Defaulter,Defaulter,95.41
LNDF0257,Meera Joshi,38,41899,250905,626,1,0,Non-Defaulter,Defaulter,69.14
LNDF0258,Isha Bansal,22,54239,644887,651,1,0,Non-Defaulter,Non-Defaulter,8.52
LNDF0259,Priya Mehta,55,69087,528017,609,0,0,Non-Defaulter,Non-Defaulter,27.48
LNDF0260,Neha Sinha,36,50250,350958,678,1,0,Non-Defaulter,Non-Defaulter,3.29
LNDF0261,Aarav Gupta,56,36584,264678,653,0,0,Defaulter,Defaulter,90.51
LNDF0262,Vivaan Chauhan,53,85286,697739,750,0,0,Non-Defaulter,Non-Defaulter,0.0
LNDF0263,Aditya Patel,24,49471,929689,649,1,0,Non-Defaulter,Defaulter,60.71
LNDF0264,Arjun Mishra,53,57587,551605,531,1,0,Defaulter,Defaulter,99.19
LNDF0265,Rohan Kumar,34,70479,227159,688,4,0,Defaulter,Non-Defaulter,41.58
LNDF0266,Rahul Malhotra,41,55971,279520,679,1,0,Non-Defaulter,Non-Defaulter,21.49
LNDF0267,Karan Singh,40,56081,394232,624,0,1,Non-Defaulter,Non-Defaulter,21.22
LNDF0268,Nikhil Kapoor,28,87448,1182220,686,0,0,Non-Defaulter,Non-Defaulter,1.54
LNDF0269,Vikram Verma,27,58877,436547,610,3,0,Defaulter,Defaulter,96.03
LNDF0270,Yash Agarwal,23,81093,386409,701,3,0,Non-Defaulter,Non-Defaulter,25.24
LNDF0271,Ananya Sharma,37,70276,199177,850,4,0,Non-Defaulter,Non-Defaulter,2.63
LNDF0272,Pooja Joshi,53,136310,348428,563,1,0,Defaulter,Defaulter,99.7
LNDF0273,Riya Bansal,32,66126,253786,646,0,0,Non-Defaulter,Non-Defaulter,11.13
LNDF0274,Sneha Mehta,42,73290,287971,636,1,0,Non-Defaulter,Non-Defaulter,10.58
LNDF0275,Kavya Sinha,42,90295,534099,652,0,0,Non-Defaulter,Non-Defaulter,8.87
LNDF0276,Simran Gupta,50,56597,401003,746,1,0,Non-Defaulter,Non-Defaulter,0.11
LNDF0277,Meera Chauhan,58,41277,1273253,715,2,1,Defaulter,Defaulter,90.56
LNDF0278,Isha Patel,58,44432,904615,735,0,0,Non-Defaulter,Non-Defaulter,0.3
LNDF0279,Priya Mishra,28,44625,357710,682,2,0,Non-Defaulter,Non-Defaulter,8.07
LNDF0280,Neha Kumar,47,35862,301979,594,1,1,Defaulter,Defaulter,95.47
LNDF0281,Aarav Malhotra,47,63456,1069623,608,1,0,Defaulter,Defaulter,96.62
LNDF0282,Vivaan Singh,54,41432,1245922,729,1,0,Non-Defaulter,Non-Defaulter,0.0
LNDF0283,Aditya Kapoor,41,60040,149571,691,1,0,Non-Defaulter,Non-Defaulter,3.72
LNDF0284,Arjun Verma,50,51210,526199,762,0,0,Non-Defaulter,Non-Defaulter,1.23
LNDF0285,Rohan Agarwal,53,53979,435317,699,2,0,Defaulter,Defaulter,94.07
LNDF0286,Rahul Sharma,48,70637,714529,603,2,0,Defaulter,Defaulter,80.95
LNDF0287,Karan Joshi,53,43098,1455458,646,2,0,Defaulter,Defaulter,90.04
LNDF0288,Nikhil Bansal,25,73320,383131,717,3,0,Defaulter,Defaulter,93.61
LNDF0289,Vikram Mehta,39,111344,160971,726,3,0,Non-Defaulter,Non-Defaulter,4.16
LNDF0290,Yash Sinha,24,64183,687500,736,0,0,Non-Defaulter,Non-Defaulter,0.93
LNDF0291,Ananya Gupta,55,38683,1073939,612,2,0,Defaulter,Defaulter,98.49
LNDF0292,Pooja Chauhan,37,41703,423071,602,1,0,Non-Defaulter,Non-Defaulter,41.14
LNDF0293,Riya Patel,48,49186,339284,668,2,0,Non-Defaulter,Non-Defaulter,9.46
LNDF0294,Sneha Mishra,50,42083,393120,774,2,0,Non-Defaulter,Non-Defaulter,0.38
LNDF0295,Kavya Kumar,49,35209,798090,635,0,0,Defaulter,Defaulter,94.35
LNDF0296,Simran Malhotra,26,58957,389418,710,1,0,Non-Defaulter,Non-Defaulter,0.9
LNDF0297,Meera Singh,55,49789,599099,710,0,0,Non-Defaulter,Non-Defaulter,2.97
LNDF0298,Isha Kapoor,57,59902,507705,729,2,0,Non-Defaulter,Non-Defaulter,0.82
LNDF0299,Priya Verma,44,93804,479694,788,0,0,Non-Defaulter,Non-Defaulter,1.04
LNDF0300,Neha Agarwal,49,49451,735330,782,2,0,Non-Defaulter,Non-Defaulter,0.11
LNDF0301,Aarav Sharma,51,32262,384287,641,1,0,Non-Defaulter,Non-Defaulter,45.29
LNDF0302,Vivaan Joshi,55,45963,394566,544,1,0,Defaulter,Defaulter,98.82
LNDF0303,Aditya Bansal,53,77791,775331,636,0,0,Non-Defaulter,Non-Defaulter,7.76
LNDF0304,Arjun Mehta,41,74581,290557,685,1,0,Non-Defaulter,Non-Defaulter,1.5
LNDF0305,Rohan Sinha,52,69458,308119,656,0,0,Non-Defaulter,Non-Defaulter,3.62
LNDF0306,Rahul Gupta,43,41522,249994,808,1,0,Non-Defaulter,Non-Defaulter,0.16
LNDF0307,Karan Chauhan,53,77145,797566,681,3,0,Defaulter,Defaulter,95.64
LNDF0308,Nikhil Patel,23,85365,471881,722,0,1,Non-Defaulter,Non-Defaulter,1.78
LNDF0309,Vikram Mishra,38,40221,242771,694,3,0,Non-Defaulter,Non-Defaulter,19.59
LNDF0310,Yash Kumar,45,53981,799673,657,1,0,Non-Defaulter,Non-Defaulter,3.25
LNDF0311,Ananya Malhotra,51,136526,368360,555,1,0,Defaulter,Defaulter,99.35
LNDF0312,Pooja Singh,23,39425,309570,675,0,0,Non-Defaulter,Non-Defaulter,14.36
LNDF0313,Riya Kapoor,60,25535,448983,850,3,0,Non-Defaulter,Non-Defaulter,2.69
LNDF0314,Sneha Verma,44,102477,1127667,599,2,0,Defaulter,Defaulter,95.28
LNDF0315,Kavya Agarwal,52,91726,402373,562,1,0,Defaulter,Defaulter,98.8
LNDF0316,Simran Sharma,42,44777,686114,806,1,0,Non-Defaulter,Non-Defaulter,0.08
LNDF0317,Meera Joshi,43,52273,745833,728,1,0,Non-Defaulter,Non-Defaulter,0.68
LNDF0318,Isha Bansal,22,31694,638045,692,3,0,Non-Defaulter,Non-Defaulter,19.94
LNDF0319,Priya Mehta,47,57246,1005960,769,2,0,Non-Defaulter,Non-Defaulter,0.11
LNDF0320,Neha Sinha,22,92944,338896,626,4,0,Defaulter,Defaulter,98.19
LNDF0321,Aarav Gupta,46,43084,281681,673,2,1,Defaulter,Defaulter,91.43
LNDF0322,Vivaan Chauhan,37,81616,278656,742,1,0,Non-Defaulter,Non-Defaulter,0.83
LNDF0323,Aditya Patel,60,67762,461809,817,0,1,Non-Defaulter,Non-Defaulter,3.7
LNDF0324,Arjun Mishra,53,71332,297000,604,4,0,Defaulter,Defaulter,98.63
LNDF0325,Rohan Kumar,29,44230,542265,763,3,0,Non-Defaulter,Non-Defaulter,1.2
LNDF0326,Rahul Malhotra,59,46888,521626,705,1,0,Non-Defaulter,Non-Defaulter,2.67
LNDF0327,Karan Singh,49,23958,875525,691,2,0,Non-Defaulter,Non-Defaulter,4.5
LNDF0328,Nikhil Kapoor,46,42620,586831,679,2,0,Non-Defaulter,Non-Defaulter,25.66
LNDF0329,Vikram Verma,55,92842,397711,590,1,0,Defaulter,Defaulter,92.44
LNDF0330,Yash Agarwal,45,36203,626767,743,3,0,Non-Defaulter,Non-Defaulter,3.3
LNDF0331,Ananya Sharma,44,38714,283724,629,1,0,Defaulter,Defaulter,75.67
LNDF0332,Pooja Joshi,33,73363,489621,610,3,0,Defaulter,Defaulter,98.68
LNDF0333,Riya Bansal,27,65929,596023,738,1,0,Non-Defaulter,Non-Defaulter,0.51
LNDF0334,Sneha Mehta,56,75021,536858,731,3,0,Non-Defaulter,Non-Defaulter,1.25
LNDF0335,Kavya Sinha,40,32586,628222,685,0,0,Non-Defaulter,Non-Defaulter,6.7
LNDF0336,Simran Gupta,21,174366,350858,750,1,0,Non-Defaulter,Non-Defaulter,1.47
LNDF0337,Meera Chauhan,28,31825,942207,773,0,0,Non-Defaulter,Non-Defaulter,2.52
LNDF0338,Isha Patel,36,58953,1362125,765,0,0,Non-Defaulter,Non-Defaulter,1.98
LNDF0339,Priya Mishra,34,51210,207086,646,2,1,Non-Defaulter,Non-Defaulter,36.55
LNDF0340,Neha Kumar,32,32244,256218,746,0,0,Non-Defaulter,Non-Defaulter,1.12
LNDF0341,Aarav Malhotra,43,46560,511989,694,2,0,Defaulter,Defaulter,93.75
LNDF0342,Vivaan Singh,35,55580,434200,792,5,0,Non-Defaulter,Non-Defaulter,2.6
LNDF0343,Aditya Kapoor,48,41052,1418897,672,2,0,Defaulter,Defaulter,92.69
LNDF0344,Arjun Verma,54,83855,564246,657,1,0,Defaulter,Defaulter,84.55
LNDF0345,Rohan Agarwal,22,51142,1075465,640,1,0,Non-Defaulter,Non-Defaulter,13.19
LNDF0346,Rahul Sharma,52,30077,161999,692,1,0,Non-Defaulter,Non-Defaulter,4.36
LNDF0347,Karan Joshi,43,28950,782428,710,1,0,Non-Defaulter,Non-Defaulter,0.52
LNDF0348,Nikhil Bansal,42,72248,337334,712,1,0,Non-Defaulter,Non-Defaulter,1.36
LNDF0349,Vikram Mehta,45,28171,334374,703,2,0,Non-Defaulter,Non-Defaulter,0.87
LNDF0350,Yash Sinha,42,63417,436161,724,1,0,Non-Defaulter,Non-Defaulter,1.09
LNDF0351,Ananya Gupta,42,67184,228397,666,5,0,Defaulter,Defaulter,96.64
LNDF0352,Pooja Chauhan,26,35143,637874,623,0,0,Non-Defaulter,Non-Defaulter,11.31
LNDF0353,Riya Patel,35,82119,555296,618,2,0,Defaulter,Defaulter,98.01
LNDF0354,Sneha Mishra,57,25389,578833,743,3,0,Defaulter,Defaulter,80.62
LNDF0355,Kavya Kumar,53,62849,814419,711,0,0,Non-Defaulter,Non-Defaulter,2.77
LNDF0356,Simran Malhotra,28,53998,1150254,559,0,0,Defaulter,Defaulter,98.78
LNDF0357,Meera Singh,25,52132,409349,751,4,0,Non-Defaulter,Non-Defaulter,2.34
LNDF0358,Isha Kapoor,59,32372,650116,802,4,0,Non-Defaulter,Non-Defaulter,8.11
LNDF0359,Priya Verma,24,36078,587427,633,2,0,Non-Defaulter,Non-Defaulter,10.19
LNDF0360,Neha Agarwal,26,113954,615415,702,3,0,Non-Defaulter,Non-Defaulter,9.34
LNDF0361,Aarav Sharma,52,95026,620507,649,1,0,Defaulter,Defaulter,91.59
LNDF0362,Vivaan Joshi,50,76805,1199170,721,0,0,Non-Defaulter,Non-Defaulter,0.6
LNDF0363,Aditya Bansal,55,83954,388303,604,1,0,Defaulter,Defaulter,93.03
LNDF0364,Arjun Mehta,60,80482,216038,675,0,1,Defaulter,Defaulter,86.96
LNDF0365,Rohan Sinha,36,47552,340623,744,1,0,Non-Defaulter,Non-Defaulter,0.22
LNDF0366,Rahul Gupta,33,56191,758320,760,1,1,Non-Defaulter,Non-Defaulter,2.05
LNDF0367,Karan Chauhan,50,28352,506457,708,2,0,Non-Defaulter,Non-Defaulter,13.94
LNDF0368,Nikhil Patel,39,52824,386615,658,3,0,Non-Defaulter,Non-Defaulter,35.36
LNDF0369,Vikram Mishra,37,93679,276590,576,2,0,Defaulter,Defaulter,98.3
LNDF0370,Yash Kumar,39,40854,564712,631,0,0,Defaulter,Defaulter,97.17
LNDF0371,Ananya Malhotra,48,87160,712719,649,2,0,Defaulter,Defaulter,81.55
LNDF0372,Pooja Singh,46,57314,591604,635,1,0,Defaulter,Defaulter,92.43
LNDF0373,Riya Kapoor,57,29486,434970,684,1,0,Non-Defaulter,Non-Defaulter,8.08
LNDF0374,Sneha Verma,46,33416,541997,658,0,0,Non-Defaulter,Non-Defaulter,7.18
LNDF0375,Kavya Agarwal,43,83181,540271,691,1,0,Non-Defaulter,Non-Defaulter,2.2
LNDF0376,Simran Sharma,29,70525,554985,758,0,0,Non-Defaulter,Non-Defaulter,0.43
LNDF0377,Meera Joshi,32,57577,260666,654,0,0,Non-Defaulter,Non-Defaulter,10.73
LNDF0378,Isha Bansal,21,48619,557319,590,3,0,Non-Defaulter,Defaulter,82.57
LNDF0379,Priya Mehta,21,60466,392399,634,0,0,Non-Defaulter,Non-Defaulter,19.77
LNDF0380,Neha Sinha,54,81734,886205,718,2,0,Defaulter,Defaulter,82.31
LNDF0381,Aarav Gupta,52,106854,537922,724,0,0,Non-Defaulter,Non-Defaulter,1.14
LNDF0382,Vivaan Chauhan,45,109179,791652,706,1,0,Non-Defaulter,Non-Defaulter,2.78
LNDF0383,Aditya Patel,60,65021,423532,765,2,1,Non-Defaulter,Non-Defaulter,2.73
LNDF0384,Arjun Mishra,21,50905,432017,668,0,0,Non-Defaulter,Non-Defaulter,2.79
LNDF0385,Rohan Kumar,36,58741,1137339,813,1,0,Non-Defaulter,Non-Defaulter,0.22
LNDF0386,Rahul Malhotra,59,69567,635615,733,0,0,Non-Defaulter,Non-Defaulter,1.88
LNDF0387,Karan Singh,25,69440,337520,516,0,0,Defaulter,Defaulter,97.51
LNDF0388,Nikhil Kapoor,42,99080,818885,797,0,0,Non-Defaulter,Non-Defaulter,0.41
LNDF0389,Vikram Verma,49,142512,372893,630,0,0,Non-Defaulter,Defaulter,54.53
LNDF0390,Yash Agarwal,23,50147,566084,613,2,0,Defaulter,Defaulter,94.41
LNDF0391,Ananya Sharma,32,145108,1373035,714,1,0,Non-Defaulter,Non-Defaulter,5.12
LNDF0392,Pooja Joshi,46,93209,227557,567,1,0,Defaulter,Defaulter,99.05
LNDF0393,Riya Bansal,36,52560,453923,635,1,0,Non-Defaulter,Non-Defaulter,22.4
LNDF0394,Sneha Mehta,57,107952,625879,781,0,0,Non-Defaulter,Non-Defaulter,1.99
LNDF0395,Kavya Sinha,42,117434,761425,716,2,0,Non-Defaulter,Non-Defaulter,5.2
LNDF0396,Simran Gupta,49,44710,252631,733,0,0,Non-Defaulter,Non-Defaulter,0.54
LNDF0397,Meera Chauhan,34,119921,214846,637,2,0,Non-Defaulter,Non-Defaulter,4.12
LNDF0398,Isha Patel,48,89221,910979,580,0,0,Defaulter,Defaulter,97.39
LNDF0399,Priya Mishra,25,159682,336427,726,1,0,Non-Defaulter,Non-Defaulter,2.65
LNDF0400,Neha Kumar,50,45446,328768,740,2,0,Non-Defaulter,Non-Defaulter,0.76
LNDF0401,Aarav Malhotra,25,46913,1172913,738,0,0,Non-Defaulter,Non-Defaulter,2.89
LNDF0402,Vivaan Singh,32,22095,519540,694,1,0,Non-Defaulter,Non-Defaulter,1.99
LNDF0403,Aditya Kapoor,36,71120,521411,617,0,1,Defaulter,Defaulter,93.9
LNDF0404,Arjun Verma,46,65118,452921,838,1,0,Non-Defaulter,Non-Defaulter,0.35
LNDF0405,Rohan Agarwal,46,42691,255039,711,1,0,Non-Defaulter,Non-Defaulter,0.33
LNDF0406,Rahul Sharma,41,53011,725051,669,1,1,Defaulter,Defaulter,93.69
LNDF0407,Karan Joshi,59,30486,626285,669,2,0,Defaulter,Defaulter,86.55
LNDF0408,Nikhil Bansal,56,94314,548610,690,1,1,Non-Defaulter,Non-Defaulter,10.2
LNDF0409,Vikram Mehta,53,44122,469013,750,2,0,Non-Defaulter,Non-Defaulter,4.96
LNDF0410,Yash Sinha,50,221330,425741,692,0,0,Non-Defaulter,Non-Defaulter,2.4
LNDF0411,Ananya Gupta,57,50821,825900,736,1,0,Non-Defaulter,Non-Defaulter,0.87
LNDF0412,Pooja Chauhan,43,39076,462616,690,2,1,Non-Defaulter,Defaulter,61.24
LNDF0413,Riya Patel,30,45686,482690,673,1,0,Defaulter,Defaulter,94.56
LNDF0414,Sneha Mishra,25,29135,669177,722,2,1,Non-Defaulter,Non-Defaulter,44.77
LNDF0415,Kavya Kumar,56,68330,560588,719,1,0,Non-Defaulter,Non-Defaulter,0.65
LNDF0416,Simran Malhotra,54,45530,1233807,669,0,0,Non-Defaulter,Non-Defaulter,8.82
LNDF0417,Meera Singh,51,91505,189778,631,0,0,Non-Defaulter,Defaulter,65.33
LNDF0418,Isha Kapoor,30,48604,589667,702,0,0,Non-Defaulter,Non-Defaulter,3.95
LNDF0419,Priya Verma,39,102548,339178,685,3,1,Defaulter,Defaulter,96.09
LNDF0420,Neha Agarwal,52,77338,297811,644,1,1,Non-Defaulter,Non-Defaulter,16.27
LNDF0421,Aarav Sharma,21,55712,388861,625,0,0,Defaulter,Non-Defaulter,44.42
LNDF0422,Vivaan Joshi,25,111993,515265,707,3,0,Non-Defaulter,Non-Defaulter,46.3
LNDF0423,Aditya Bansal,24,84425,528000,716,1,0,Non-Defaulter,Non-Defaulter,1.59
LNDF0424,Arjun Mehta,36,207085,217042,657,1,0,Non-Defaulter,Non-Defaulter,3.66
LNDF0425,Rohan Sinha,44,45745,371301,642,5,0,Defaulter,Defaulter,70.95
LNDF0426,Rahul Gupta,36,56929,583637,626,2,0,Non-Defaulter,Non-Defaulter,26.1
LNDF0427,Karan Chauhan,22,111414,308677,705,1,0,Non-Defaulter,Non-Defaulter,2.47
LNDF0428,Nikhil Patel,48,27460,270826,628,0,0,Non-Defaulter,Non-Defaulter,10.41
LNDF0429,Vikram Mishra,52,99480,144566,826,2,0,Non-Defaulter,Non-Defaulter,0.11
LNDF0430,Yash Kumar,47,67022,347183,653,2,0,Non-Defaulter,Non-Defaulter,25.67
LNDF0431,Ananya Malhotra,40,36879,265685,522,5,0,Defaulter,Defaulter,99.68
LNDF0432,Pooja Singh,44,29784,291035,678,0,0,Non-Defaulter,Non-Defaulter,4.17
LNDF0433,Riya Kapoor,32,40638,430569,675,0,0,Non-Defaulter,Non-Defaulter,0.82
LNDF0434,Sneha Verma,55,19671,359496,752,1,0,Non-Defaulter,Non-Defaulter,0.3
LNDF0435,Kavya Agarwal,53,44126,263269,699,0,0,Non-Defaulter,Non-Defaulter,6.96
LNDF0436,Simran Sharma,53,72783,156162,626,1,0,Non-Defaulter,Defaulter,77.62
LNDF0437,Meera Joshi,57,44389,590447,661,1,0,Non-Defaulter,Non-Defaulter,16.26
LNDF0438,Isha Bansal,32,102727,756470,701,2,1,Defaulter,Defaulter,96.96
LNDF0439,Priya Mehta,23,116083,401978,539,2,0,Defaulter,Defaulter,99.3
LNDF0440,Neha Sinha,21,97648,432003,767,0,0,Non-Defaulter,Non-Defaulter,0.38
LNDF0441,Aarav Gupta,53,61015,500773,626,1,0,Defaulter,Defaulter,95.53
LNDF0442,Vivaan Chauhan,60,19322,1191465,772,1,0,Non-Defaulter,Non-Defaulter,1.86
LNDF0443,Aditya Patel,30,40072,211108,706,2,0,Non-Defaulter,Non-Defaulter,6.97
LNDF0444,Arjun Mishra,49,51595,398074,721,0,0,Non-Defaulter,Non-Defaulter,8.5
LNDF0445,Rohan Kumar,33,36785,193935,755,1,0,Non-Defaulter,Non-Defaulter,0.0
LNDF0446,Rahul Malhotra,32,51653,610259,717,0,0,Non-Defaulter,Non-Defaulter,5.61
LNDF0447,Karan Singh,51,113507,461938,724,1,0,Non-Defaulter,Non-Defaulter,0.46
LNDF0448,Nikhil Kapoor,22,26226,559058,669,1,0,Non-Defaulter,Non-Defaulter,13.89
LNDF0449,Vikram Verma,55,124287,543933,704,3,0,Defaulter,Defaulter,95.23
LNDF0450,Yash Agarwal,43,81897,862209,642,3,1,Defaulter,Defaulter,93.73
LNDF0451,Ananya Sharma,37,62056,672217,658,1,0,Non-Defaulter,Non-Defaulter,3.8
LNDF0452,Pooja Joshi,46,39893,789490,808,2,0,Non-Defaulter,Non-Defaulter,0.38
LNDF0453,Riya Bansal,28,37116,278262,627,0,0,Non-Defaulter,Non-Defaulter,7.34
LNDF0454,Sneha Mehta,49,26457,963769,690,2,1,Defaulter,Defaulter,95.75
LNDF0455,Kavya Sinha,46,119090,336066,687,0,0,Non-Defaulter,Non-Defaulter,8.14
LNDF0456,Simran Gupta,30,109866,346863,660,0,0,Non-Defaulter,Non-Defaulter,3.57
LNDF0457,Meera Chauhan,46,29210,580315,713,1,0,Non-Defaulter,Non-Defaulter,0.41
LNDF0458,Isha Patel,54,42891,590319,718,1,0,Non-Defaulter,Non-Defaulter,6.55
LNDF0459,Priya Mishra,27,66836,277296,620,2,0,Non-Defaulter,Non-Defaulter,13.55
LNDF0460,Neha Kumar,24,48065,454548,687,1,0,Non-Defaulter,Non-Defaulter,1.47
LNDF0461,Aarav Malhotra,31,23195,1133582,610,0,0,Non-Defaulter,Non-Defaulter,16.51
LNDF0462,Vivaan Singh,49,40908,222967,731,0,0,Non-Defaulter,Non-Defaulter,7.05
LNDF0463,Aditya Kapoor,56,132330,1131703,691,3,0,Non-Defaulter,Non-Defaulter,19.24
LNDF0464,Arjun Verma,45,42176,437761,685,1,0,Non-Defaulter,Non-Defaulter,11.62
LNDF0465,Rohan Agarwal,41,51099,138219,723,3,0,Non-Defaulter,Non-Defaulter,4.78
LNDF0466,Rahul Sharma,56,32852,235782,662,1,0,Non-Defaulter,Non-Defaulter,14.19
LNDF0467,Karan Joshi,30,71652,294328,739,1,0,Non-Defaulter,Non-Defaulter,1.06
LNDF0468,Nikhil Bansal,57,57925,354762,618,0,0,Non-Defaulter,Non-Defaulter,29.73
LNDF0469,Vikram Mehta,29,39387,472017,772,4,0,Non-Defaulter,Non-Defaulter,4.25
LNDF0470,Yash Sinha,44,30577,113035,644,1,0,Non-Defaulter,Non-Defaulter,8.01
LNDF0471,Ananya Gupta,55,103480,554103,570,1,0,Defaulter,Defaulter,94.86
LNDF0472,Pooja Chauhan,55,26705,279865,659,2,0,Non-Defaulter,Non-Defaulter,23.53
LNDF0473,Riya Patel,56,68996,1074269,651,0,0,Non-Defaulter,Non-Defaulter,6.45
LNDF0474,Sneha Mishra,38,20865,430958,658,0,0,Non-Defaulter,Non-Defaulter,2.27
LNDF0475,Kavya Kumar,59,75609,839808,695,3,0,Defaulter,Defaulter,82.32
LNDF0476,Simran Malhotra,52,85112,920853,751,0,0,Non-Defaulter,Non-Defaulter,1.03
LNDF0477,Meera Singh,44,90016,907241,668,2,0,Defaulter,Defaulter,93.88
LNDF0478,Isha Kapoor,43,51151,366165,635,1,0,Non-Defaulter,Non-Defaulter,15.74
LNDF0479,Priya Verma,52,112183,363598,607,3,0,Defaulter,Defaulter,98.04
LNDF0480,Neha Agarwal,57,155375,441807,650,2,1,Defaulter,Defaulter,92.63
LNDF0481,Aarav Sharma,32,47589,709485,557,2,0,Defaulter,Defaulter,99.59
LNDF0482,Vivaan Joshi,33,44897,377559,633,3,0,Defaulter,Defaulter,89.29
LNDF0483,Aditya Bansal,43,58819,468255,761,0,0,Non-Defaulter,Non-Defaulter,1.02
LNDF0484,Arjun Mehta,45,44362,581194,626,0,0,Defaulter,Defaulter,94.32
LNDF0485,Rohan Sinha,55,41537,303967,721,0,1,Non-Defaulter,Non-Defaulter,7.98
LNDF0486,Rahul Gupta,50,43198,293580,600,3,0,Defaulter,Defaulter,91.19
LNDF0487,Karan Chauhan,37,119036,458318,795,1,0,Non-Defaulter,Non-Defaulter,1.2
LNDF0488,Nikhil Patel,40,77842,492949,799,0,0,Non-Defaulter,Non-Defaulter,0.11
LNDF0489,Vikram Mishra,45,44297,634759,718,3,0,Non-Defaulter,Non-Defaulter,21.43
LNDF0490,Yash Kumar,42,18220,723533,809,1,0,Non-Defaulter,Non-Defaulter,0.27
LNDF0491,Ananya Malhotra,33,27449,273178,703,3,1,Defaulter,Defaulter,94.33
LNDF0492,Pooja Singh,39,68984,319885,730,2,0,Non-Defaulter,Non-Defaulter,7.17
LNDF0493,Riya Kapoor,56,21171,293153,762,1,0,Non-Defaulter,Non-Defaulter,0.0
LNDF0494,Sneha Verma,32,62751,1087301,692,3,0,Defaulter,Defaulter,93.84
LNDF0495,Kavya Agarwal,39,34050,467996,579,0,0,Non-Defaulter,Defaulter,91.75
LNDF0496,Simran Sharma,32,57320,504455,731,0,0,Non-Defaulter,Non-Defaulter,1.28
LNDF0497,Meera Joshi,29,56603,516143,649,1,0,Defaulter,Non-Defaulter,38.27
LNDF0498,Isha Bansal,27,58067,337306,654,1,0,Defaulter,Defaulter,92.45
LNDF0499,Priya Mehta,48,46055,1181992,699,1,0,Non-Defaulter,Non-Defaulter,1.61
LNDF0500,Neha Sinha,34,45379,626828,717,2,0,Non-Defaulter,Non-Defaulter,6.26
LNDF0501,Aarav Gupta,51,39765,511007,690,1,0,Non-Defaulter,Non-Defaulter,3.81
LNDF0502,Vivaan Chauhan,39,68380,272249,721,1,0,Non-Defaulter,Non-Defaulter,0.0
LNDF0503,Aditya Patel,36,79018,263893,634,2,0,Non-Defaulter,Non-Defaulter,15.62
LNDF0504,Arjun Mishra,25,31779,421875,677,1,0,Non-Defaulter,Non-Defaulter,31.22
LNDF0505,Rohan Kumar,55,53737,340227,735,3,0,Non-Defaulter,Non-Defaulter,7.5
LNDF0506,Rahul Malhotra,32,60087,277970,795,2,0,Non-Defaulter,Non-Defaulter,0.26
LNDF0507,Karan Singh,45,59742,407720,818,2,0,Non-Defaulter,Non-Defaulter,0.11
LNDF0508,Nikhil Kapoor,41,59286,443888,708,1,0,Non-Defaulter,Non-Defaulter,0.24
LNDF0509,Vikram Verma,56,45898,540552,735,4,0,Defaulter,Defaulter,92.24
LNDF0510,Yash Agarwal,43,62358,378968,809,1,0,Non-Defaulter,Non-Defaulter,0.0
LNDF0511,Ananya Sharma,36,72635,287271,636,3,0,Defaulter,Defaulter,96.57
LNDF0512,Pooja Joshi,59,58604,292803,721,1,0,Non-Defaulter,Non-Defaulter,1.73
LNDF0513,Riya Bansal,59,69062,974323,730,3,0,Non-Defaulter,Non-Defaulter,10.63
LNDF0514,Sneha Mehta,34,85884,251173,774,0,0,Non-Defaulter,Non-Defaulter,6.41
LNDF0515,Kavya Sinha,51,23913,610549,606,5,1,Defaulter,Defaulter,97.76
LNDF0516,Simran Gupta,25,84090,665380,619,4,0,Defaulter,Defaulter,97.95
LNDF0517,Meera Chauhan,55,64163,467737,681,1,0,Defaulter,Defaulter,89.89
LNDF0518,Isha Patel,43,33351,1322017,705,0,1,Non-Defaulter,Non-Defaulter,8.05
LNDF0519,Priya Mishra,49,78921,658888,753,2,0,Non-Defaulter,Non-Defaulter,1.0
LNDF0520,Neha Kumar,31,45975,1377747,714,3,0,Defaulter,Defaulter,91.32
LNDF0521,Aarav Malhotra,38,48884,349507,670,2,1,Defaulter,Defaulter,83.93
LNDF0522,Vivaan Singh,32,43767,352813,707,0,0,Non-Defaulter,Non-Defaulter,1.79
LNDF0523,Aditya Kapoor,29,63018,668311,700,0,0,Non-Defaulter,Non-Defaulter,2.67
LNDF0524,Arjun Verma,30,38626,433028,793,2,1,Non-Defaulter,Non-Defaulter,2.63
LNDF0525,Rohan Agarwal,37,82516,1263605,691,1,0,Non-Defaulter,Non-Defaulter,1.97
LNDF0526,Rahul Sharma,58,51668,603378,655,0,0,Non-Defaulter,Non-Defaulter,2.05
LNDF0527,Karan Joshi,27,46686,281489,709,2,0,Non-Defaulter,Non-Defaulter,4.47
LNDF0528,Nikhil Bansal,33,77179,192358,693,0,0,Non-Defaulter,Non-Defaulter,0.65
LNDF0529,Vikram Mehta,60,47633,478941,578,2,0,Defaulter,Defaulter,98.25
LNDF0530,Yash Sinha,29,84269,476082,679,2,1,Non-Defaulter,Non-Defaulter,37.93
LNDF0531,Ananya Gupta,47,85469,594178,673,1,0,Defaulter,Defaulter,83.79
LNDF0532,Pooja Chauhan,22,30165,973101,645,5,0,Defaulter,Defaulter,97.65
LNDF0533,Riya Patel,25,90604,905168,747,1,0,Non-Defaulter,Non-Defaulter,0.33
LNDF0534,Sneha Mishra,49,28486,363658,629,2,0,Defaulter,Non-Defaulter,42.49
LNDF0535,Kavya Kumar,57,93181,245429,710,0,0,Non-Defaulter,Non-Defaulter,0.66
LNDF0536,Simran Malhotra,58,137015,253621,670,2,0,Non-Defaulter,Non-Defaulter,7.73
LNDF0537,Meera Singh,39,81533,333408,687,2,0,Non-Defaulter,Non-Defaulter,5.39
LNDF0538,Isha Kapoor,28,20836,408669,707,2,0,Non-Defaulter,Non-Defaulter,5.29
LNDF0539,Priya Verma,21,88760,591341,595,0,0,Defaulter,Defaulter,97.1
LNDF0540,Neha Agarwal,42,151123,321847,692,1,0,Defaulter,Defaulter,75.22
LNDF0541,Aarav Sharma,37,47989,583371,829,1,0,Non-Defaulter,Non-Defaulter,0.0
LNDF0542,Vivaan Joshi,27,54148,610165,579,2,0,Defaulter,Defaulter,97.88
LNDF0543,Aditya Bansal,45,32218,541015,676,3,0,Defaulter,Defaulter,94.67
LNDF0544,Arjun Mehta,24,63293,268773,753,1,0,Non-Defaulter,Non-Defaulter,0.11
LNDF0545,Rohan Sinha,56,97365,646720,700,1,0,Non-Defaulter,Non-Defaulter,5.22
LNDF0546,Rahul Gupta,26,75288,1570747,725,1,0,Non-Defaulter,Non-Defaulter,1.34
LNDF0547,Karan Chauhan,51,226154,572408,526,2,0,Defaulter,Defaulter,99.94
LNDF0548,Nikhil Patel,39,55824,98535,719,1,0,Non-Defaulter,Non-Defaulter,0.65
LNDF0549,Vikram Mishra,59,26404,989393,630,1,0,Defaulter,Defaulter,97.67
LNDF0550,Yash Kumar,47,59399,339712,700,0,0,Non-Defaulter,Non-Defaulter,7.3
LNDF0551,Ananya Malhotra,30,18540,1738452,678,0,0,Defaulter,Defaulter,90.76
LNDF0552,Pooja Singh,46,43269,533046,828,1,0,Non-Defaulter,Non-Defaulter,0.35
LNDF0553,Riya Kapoor,39,114240,197952,716,3,0,Defaulter,Defaulter,94.71
LNDF0554,Sneha Verma,59,63666,160617,673,2,0,Defaulter,Defaulter,93.83
LNDF0555,Kavya Agarwal,23,59625,1166153,582,0,0,Defaulter,Defaulter,91.55
LNDF0556,Simran Sharma,33,124796,918605,688,0,0,Non-Defaulter,Non-Defaulter,3.4
LNDF0557,Meera Joshi,48,48694,1700910,734,0,0,Non-Defaulter,Non-Defaulter,1.0
LNDF0558,Isha Bansal,40,97043,503013,675,0,0,Non-Defaulter,Non-Defaulter,3.03
LNDF0559,Priya Mehta,48,58295,484693,647,3,0,Non-Defaulter,Non-Defaulter,26.09
LNDF0560,Neha Sinha,28,65258,405091,643,2,0,Defaulter,Defaulter,96.72
LNDF0561,Aarav Gupta,59,31803,348120,715,1,0,Non-Defaulter,Non-Defaulter,13.15
LNDF0562,Vivaan Chauhan,21,44275,402934,729,2,1,Non-Defaulter,Non-Defaulter,12.35
LNDF0563,Aditya Patel,23,29325,563526,768,2,1,Non-Defaulter,Non-Defaulter,15.36
LNDF0564,Arjun Mishra,33,52692,314336,615,1,0,Defaulter,Defaulter,92.94
LNDF0565,Rohan Kumar,48,65563,199637,714,1,0,Non-Defaulter,Non-Defaulter,1.31
LNDF0566,Rahul Malhotra,45,33375,545957,672,2,0,Defaulter,Defaulter,88.4
LNDF0567,Karan Singh,53,138305,310505,674,0,0,Non-Defaulter,Non-Defaulter,2.56
LNDF0568,Nikhil Kapoor,58,62332,84177,706,2,0,Non-Defaulter,Non-Defaulter,9.78
LNDF0569,Vikram Verma,26,56449,677575,706,0,1,Non-Defaulter,Non-Defaulter,21.64
LNDF0570,Yash Agarwal,52,77764,271830,714,2,0,Non-Defaulter,Non-Defaulter,40.12
LNDF0571,Ananya Sharma,41,37876,719526,611,2,1,Defaulter,Defaulter,95.13
LNDF0572,Pooja Joshi,36,59199,710113,631,1,0,Defaulter,Defaulter,57.11
LNDF0573,Riya Bansal,41,39835,584398,777,2,0,Non-Defaulter,Non-Defaulter,0.38
LNDF0574,Sneha Mehta,31,110912,1974080,666,1,0,Defaulter,Defaulter,93.62
LNDF0575,Kavya Sinha,57,34156,463441,700,2,1,Defaulter,Defaulter,95.46
LNDF0576,Simran Gupta,56,56586,427309,749,1,0,Non-Defaulter,Non-Defaulter,0.11
LNDF0577,Meera Chauhan,55,63785,728238,710,0,0,Non-Defaulter,Non-Defaulter,1.03
LNDF0578,Isha Patel,39,65694,484982,716,0,0,Non-Defaulter,Non-Defaulter,0.41
LNDF0579,Priya Mishra,40,42342,946603,738,0,0,Non-Defaulter,Non-Defaulter,0.84
LNDF0580,Neha Kumar,38,36758,248829,542,1,0,Defaulter,Defaulter,97.17
LNDF0581,Aarav Malhotra,34,42618,251115,648,0,0,Defaulter,Defaulter,85.44
LNDF0582,Vivaan Singh,35,69761,761891,710,1,0,Defaulter,Non-Defaulter,22.72
LNDF0583,Aditya Kapoor,51,51553,263476,770,1,0,Non-Defaulter,Non-Defaulter,3.12
LNDF0584,Arjun Verma,21,78699,698973,684,0,0,Non-Defaulter,Non-Defaulter,1.61
LNDF0585,Rohan Agarwal,23,68169,612844,625,1,0,Non-Defaulter,Defaulter,79.16
LNDF0586,Rahul Sharma,36,19741,341258,627,2,0,Defaulter,Defaulter,96.51
LNDF0587,Karan Joshi,43,61480,611889,737,0,0,Non-Defaulter,Non-Defaulter,0.13
LNDF0588,Nikhil Bansal,31,151417,253555,666,1,0,Non-Defaulter,Defaulter,55.77
LNDF0589,Vikram Mehta,32,99854,288491,680,0,1,Non-Defaulter,Non-Defaulter,19.06
LNDF0590,Yash Sinha,30,66502,438849,720,2,0,Non-Defaulter,Non-Defaulter,6.03
LNDF0591,Ananya Gupta,52,34145,522183,491,2,0,Defaulter,Defaulter,99.17
LNDF0592,Pooja Chauhan,36,68186,423099,810,2,0,Non-Defaulter,Non-Defaulter,5.31
LNDF0593,Riya Patel,28,76724,634490,632,1,0,Non-Defaulter,Non-Defaulter,23.15
LNDF0594,Sneha Mishra,58,49065,619099,696,0,0,Non-Defaulter,Non-Defaulter,3.34
LNDF0595,Kavya Kumar,32,63426,1159518,569,2,0,Defaulter,Defaulter,97.54
LNDF0596,Simran Malhotra,44,108493,474471,653,0,0,Non-Defaulter,Non-Defaulter,6.73
LNDF0597,Meera Singh,48,37396,964508,761,4,0,Non-Defaulter,Non-Defaulter,0.46
LNDF0598,Isha Kapoor,28,34161,829653,555,0,0,Defaulter,Defaulter,86.15
LNDF0599,Priya Verma,48,75117,1765688,753,2,0,Non-Defaulter,Non-Defaulter,4.49
LNDF0600,Neha Agarwal,56,67574,466201,662,0,0,Non-Defaulter,Non-Defaulter,6.31
LNDF0601,Aarav Sharma,46,87384,396791,712,3,0,Non-Defaulter,Non-Defaulter,2.53
LNDF0602,Vivaan Joshi,28,71075,998586,723,6,0,Non-Defaulter,Non-Defaulter,14.61
LNDF0603,Aditya Bansal,48,42600,618066,709,2,0,Non-Defaulter,Non-Defaulter,11.89
LNDF0604,Arjun Mehta,48,66808,1011835,624,3,1,Defaulter,Defaulter,88.66
LNDF0605,Rohan Sinha,57,32897,741628,656,1,0,Defaulter,Defaulter,90.28
LNDF0606,Rahul Gupta,56,49141,156944,585,2,0,Defaulter,Defaulter,99.21
LNDF0607,Karan Chauhan,47,68965,614977,712,1,0,Non-Defaulter,Non-Defaulter,4.43
LNDF0608,Nikhil Patel,37,46763,593345,791,0,0,Non-Defaulter,Non-Defaulter,0.08
LNDF0609,Vikram Mishra,29,166994,537978,561,1,0,Defaulter,Defaulter,83.31
LNDF0610,Yash Kumar,53,23473,464924,630,1,0,Defaulter,Defaulter,92.77
LNDF0611,Ananya Malhotra,40,42990,208290,668,0,0,Non-Defaulter,Non-Defaulter,0.41
LNDF0612,Pooja Singh,33,36065,808682,691,3,0,Non-Defaulter,Non-Defaulter,33.01
LNDF0613,Riya Kapoor,48,40132,614114,737,0,0,Non-Defaulter,Non-Defaulter,2.06
LNDF0614,Sneha Verma,49,41181,916612,670,1,0,Non-Defaulter,Non-Defaulter,13.58
LNDF0615,Kavya Agarwal,33,30279,214496,659,3,0,Defaulter,Defaulter,91.59
LNDF0616,Simran Sharma,55,77173,660853,752,2,1,Defaulter,Defaulter,81.29
LNDF0617,Meera Joshi,26,42997,439459,723,0,0,Non-Defaulter,Non-Defaulter,0.57
LNDF0618,Isha Bansal,38,59201,541147,715,3,0,Non-Defaulter,Non-Defaulter,1.42
LNDF0619,Priya Mehta,25,45226,442248,687,0,0,Non-Defaulter,Non-Defaulter,4.63
LNDF0620,Neha Sinha,45,40303,674244,744,2,0,Non-Defaulter,Non-Defaulter,0.52
LNDF0621,Aarav Gupta,22,116729,457157,637,2,0,Defaulter,Defaulter,95.39
LNDF0622,Vivaan Chauhan,30,83317,280355,628,2,0,Defaulter,Defaulter,93.83
LNDF0623,Aditya Patel,50,23728,524341,728,1,0,Non-Defaulter,Non-Defaulter,0.62
LNDF0624,Arjun Mishra,25,22623,444439,574,0,0,Defaulter,Defaulter,96.61
LNDF0625,Rohan Kumar,53,87927,477585,686,2,0,Non-Defaulter,Non-Defaulter,23.14
LNDF0626,Rahul Malhotra,21,43528,86601,659,3,0,Non-Defaulter,Non-Defaulter,12.7
LNDF0627,Karan Singh,38,26187,727823,589,0,0,Defaulter,Defaulter,86.1
LNDF0628,Nikhil Kapoor,52,88051,420541,619,2,0,Defaulter,Defaulter,98.74
LNDF0629,Vikram Verma,31,59349,238203,673,1,0,Non-Defaulter,Non-Defaulter,6.47
LNDF0630,Yash Agarwal,41,61593,830492,747,1,0,Non-Defaulter,Non-Defaulter,2.04
LNDF0631,Ananya Sharma,46,79172,709535,638,1,1,Non-Defaulter,Non-Defaulter,28.96
LNDF0632,Pooja Joshi,45,30504,417624,759,2,0,Non-Defaulter,Non-Defaulter,9.32
LNDF0633,Riya Bansal,42,26395,265314,684,0,0,Non-Defaulter,Non-Defaulter,2.8
LNDF0634,Sneha Mehta,47,112030,551436,765,1,1,Non-Defaulter,Non-Defaulter,0.6
LNDF0635,Kavya Sinha,33,28807,535027,641,0,0,Non-Defaulter,Non-Defaulter,12.42
LNDF0636,Simran Gupta,53,31732,831301,677,2,0,Non-Defaulter,Non-Defaulter,23.71
LNDF0637,Meera Chauhan,54,34717,391722,704,0,0,Non-Defaulter,Non-Defaulter,0.41
LNDF0638,Isha Patel,55,140233,964698,668,2,0,Non-Defaulter,Non-Defaulter,18.27
LNDF0639,Priya Mishra,21,68673,371470,742,2,0,Non-Defaulter,Non-Defaulter,0.41
LNDF0640,Neha Kumar,41,84925,238507,537,1,0,Defaulter,Defaulter,99.56
LNDF0641,Aarav Malhotra,26,60076,268232,837,2,0,Non-Defaulter,Non-Defaulter,0.46
LNDF0642,Vivaan Singh,48,41950,483128,736,2,0,Non-Defaulter,Non-Defaulter,2.52
LNDF0643,Aditya Kapoor,37,73070,482304,669,0,0,Non-Defaulter,Non-Defaulter,2.88
LNDF0644,Arjun Verma,25,27299,598802,644,0,0,Non-Defaulter,Non-Defaulter,11.84
LNDF0645,Rohan Agarwal,51,33598,475755,624,3,0,Defaulter,Defaulter,97.0
LNDF0646,Rahul Sharma,25,76491,855883,722,3,0,Non-Defaulter,Non-Defaulter,9.72
LNDF0647,Karan Joshi,58,29861,433116,745,0,0,Non-Defaulter,Non-Defaulter,0.63
LNDF0648,Nikhil Bansal,23,50514,166777,669,2,0,Defaulter,Defaulter,88.61
LNDF0649,Vikram Mehta,43,51560,467783,752,1,0,Non-Defaulter,Non-Defaulter,1.32
LNDF0650,Yash Sinha,57,43356,165816,621,2,1,Defaulter,Defaulter,84.06
LNDF0651,Ananya Gupta,57,22859,580490,610,1,0,Defaulter,Defaulter,95.99
LNDF0652,Pooja Chauhan,30,41443,894321,798,0,0,Non-Defaulter,Non-Defaulter,0.24
LNDF0653,Riya Patel,30,37943,290669,718,1,0,Non-Defaulter,Non-Defaulter,0.6
LNDF0654,Sneha Mishra,39,59144,1090961,771,1,0,Non-Defaulter,Non-Defaulter,0.3
LNDF0655,Kavya Kumar,37,57804,794859,624,0,0,Defaulter,Defaulter,94.7
LNDF0656,Simran Malhotra,41,65197,970850,620,1,0,Non-Defaulter,Non-Defaulter,13.79
LNDF0657,Meera Singh,34,40574,554945,657,1,0,Non-Defaulter,Non-Defaulter,7.08
LNDF0658,Isha Kapoor,29,69587,289625,626,1,0,Defaulter,Defaulter,61.0
LNDF0659,Priya Verma,21,27307,768205,726,0,0,Non-Defaulter,Non-Defaulter,0.76
LNDF0660,Neha Agarwal,33,24227,354631,631,2,0,Defaulter,Defaulter,94.4
LNDF0661,Aarav Sharma,24,19227,533492,604,1,0,Defaulter,Defaulter,69.04
LNDF0662,Vivaan Joshi,21,43932,455031,689,1,0,Non-Defaulter,Non-Defaulter,1.14
LNDF0663,Aditya Bansal,60,39187,928148,596,0,0,Defaulter,Defaulter,91.75
LNDF0664,Arjun Mehta,52,78455,747166,563,1,0,Defaulter,Defaulter,93.15
LNDF0665,Rohan Sinha,54,41076,478328,689,1,0,Non-Defaulter,Non-Defaulter,5.4
LNDF0666,Rahul Gupta,48,62200,170925,566,3,0,Defaulter,Defaulter,99.28
LNDF0667,Karan Chauhan,51,79306,352564,730,1,0,Non-Defaulter,Non-Defaulter,0.79
LNDF0668,Nikhil Patel,28,40386,736516,589,1,0,Defaulter,Defaulter,94.38
LNDF0669,Vikram Mishra,59,62894,583281,534,1,0,Defaulter,Defaulter,98.23
LNDF0670,Yash Kumar,46,86332,218730,661,2,0,Defaulter,Defaulter,63.9
LNDF0671,Ananya Malhotra,54,31505,185116,689,0,0,Non-Defaulter,Non-Defaulter,5.6
LNDF0672,Pooja Singh,23,55619,556762,712,1,0,Non-Defaulter,Non-Defaulter,0.35
LNDF0673,Riya Kapoor,32,40464,279563,691,1,1,Non-Defaulter,Non-Defaulter,2.1
LNDF0674,Sneha Verma,21,32421,294763,611,1,1,Non-Defaulter,Non-Defaulter,31.08
LNDF0675,Kavya Agarwal,25,27548,723820,726,2,0,Non-Defaulter,Non-Defaulter,8.74
LNDF0676,Simran Sharma,50,32186,968588,742,0,0,Non-Defaulter,Non-Defaulter,0.9
LNDF0677,Meera Joshi,50,56506,330869,602,2,0,Defaulter,Defaulter,95.03
LNDF0678,Isha Bansal,37,26641,487841,668,1,0,Defaulter,Defaulter,86.35
LNDF0679,Priya Mehta,43,42927,479993,662,0,0,Non-Defaulter,Non-Defaulter,4.09
LNDF0680,Neha Sinha,35,79303,456823,694,2,1,Defaulter,Defaulter,97.16
LNDF0681,Aarav Gupta,57,67315,511290,667,1,0,Non-Defaulter,Non-Defaulter,4.79
LNDF0682,Vivaan Chauhan,41,43320,757999,676,2,0,Non-Defaulter,Non-Defaulter,8.21
LNDF0683,Aditya Patel,34,117648,345140,722,1,0,Non-Defaulter,Non-Defaulter,3.04
LNDF0684,Arjun Mishra,22,128921,216092,608,2,0,Defaulter,Defaulter,96.58
LNDF0685,Rohan Kumar,31,55650,1266628,728,1,0,Non-Defaulter,Non-Defaulter,0.26
LNDF0686,Rahul Malhotra,59,18110,910315,754,1,0,Non-Defaulter,Non-Defaulter,0.13
LNDF0687,Karan Singh,58,81960,272491,786,0,0,Non-Defaulter,Non-Defaulter,1.44
LNDF0688,Nikhil Kapoor,54,19590,538725,541,1,0,Defaulter,Defaulter,99.43
LNDF0689,Vikram Verma,58,106868,871743,668,1,0,Non-Defaulter,Defaulter,56.66
LNDF0690,Yash Agarwal,54,89563,754898,552,0,0,Defaulter,Defaulter,98.38
LNDF0691,Ananya Sharma,38,122209,644655,522,1,0,Defaulter,Defaulter,99.04
LNDF0692,Pooja Joshi,50,61834,455312,689,1,0,Non-Defaulter,Non-Defaulter,3.76
LNDF0693,Riya Bansal,35,46745,1292877,654,0,0,Defaulter,Non-Defaulter,39.77
LNDF0694,Sneha Mehta,47,44916,564579,699,1,0,Non-Defaulter,Non-Defaulter,2.17
LNDF0695,Kavya Sinha,54,43014,376674,712,0,0,Non-Defaulter,Non-Defaulter,24.96
LNDF0696,Simran Gupta,58,85525,807304,761,0,0,Non-Defaulter,Non-Defaulter,2.79
LNDF0697,Meera Chauhan,53,75782,527126,684,1,0,Defaulter,Defaulter,86.73
LNDF0698,Isha Patel,44,58058,606071,850,1,0,Non-Defaulter,Non-Defaulter,0.5
LNDF0699,Priya Mishra,35,39740,559107,700,1,0,Non-Defaulter,Non-Defaulter,4.15
LNDF0700,Neha Kumar,50,179555,657099,800,3,1,Non-Defaulter,Non-Defaulter,4.22
LNDF0701,Aarav Malhotra,37,82922,291913,528,0,0,Defaulter,Defaulter,99.53
LNDF0702,Vivaan Singh,25,26799,225090,768,2,0,Non-Defaulter,Non-Defaulter,0.82
LNDF0703,Aditya Kapoor,49,43598,1100347,668,4,0,Defaulter,Defaulter,80.86
LNDF0704,Arjun Verma,24,83649,573570,553,0,0,Defaulter,Defaulter,95.6
LNDF0705,Rohan Agarwal,30,38380,764005,707,0,0,Non-Defaulter,Non-Defaulter,0.71
LNDF0706,Rahul Sharma,37,64427,189946,660,1,0,Non-Defaulter,Non-Defaulter,7.42
LNDF0707,Karan Joshi,30,84368,899001,718,1,0,Non-Defaulter,Non-Defaulter,8.25
LNDF0708,Nikhil Bansal,37,18000,375325,746,1,0,Non-Defaulter,Non-Defaulter,0.0
LNDF0709,Vikram Mehta,40,52390,320919,583,0,1,Defaulter,Defaulter,98.1
LNDF0710,Yash Sinha,44,53324,482873,746,0,0,Non-Defaulter,Non-Defaulter,0.11
LNDF0711,Ananya Gupta,25,45691,291990,680,1,0,Non-Defaulter,Non-Defaulter,2.63
LNDF0712,Pooja Chauhan,54,62998,499524,768,0,0,Non-Defaulter,Non-Defaulter,0.27
LNDF0713,Riya Patel,26,73937,463878,667,0,0,Non-Defaulter,Non-Defaulter,20.59
LNDF0714,Sneha Mishra,22,58631,895897,649,3,0,Defaulter,Defaulter,85.66
LNDF0715,Kavya Kumar,33,46484,1149345,682,1,0,Non-Defaulter,Non-Defaulter,3.31
LNDF0716,Simran Malhotra,31,73113,1129400,687,1,0,Non-Defaulter,Non-Defaulter,3.04
LNDF0717,Meera Singh,43,56228,143901,637,1,0,Defaulter,Defaulter,89.57
LNDF0718,Isha Kapoor,36,49577,298947,648,1,0,Defaulter,Defaulter,92.37
LNDF0719,Priya Verma,51,30472,143082,600,0,0,Non-Defaulter,Defaulter,72.25
LNDF0720,Neha Agarwal,31,27225,259345,652,0,0,Non-Defaulter,Defaulter,62.63
LNDF0721,Aarav Sharma,36,30213,349804,724,0,0,Non-Defaulter,Non-Defaulter,1.08
LNDF0722,Vivaan Joshi,28,62339,626668,671,2,1,Defaulter,Defaulter,96.59
LNDF0723,Aditya Bansal,24,53077,375645,746,0,0,Non-Defaulter,Non-Defaulter,0.57
LNDF0724,Arjun Mehta,60,28253,381446,668,0,0,Non-Defaulter,Non-Defaulter,6.39
LNDF0725,Rohan Sinha,24,73552,552569,587,0,0,Non-Defaulter,Non-Defaulter,41.88
LNDF0726,Rahul Gupta,45,102082,195290,719,1,0,Non-Defaulter,Non-Defaulter,3.57
LNDF0727,Karan Chauhan,23,42014,315255,636,0,0,Non-Defaulter,Non-Defaulter,12.16
LNDF0728,Nikhil Patel,52,25126,379044,665,0,1,Non-Defaulter,Non-Defaulter,17.34
LNDF0729,Vikram Mishra,23,39974,447326,760,1,0,Non-Defaulter,Non-Defaulter,0.0
LNDF0730,Yash Kumar,47,80789,521617,605,2,0,Defaulter,Defaulter,98.25
LNDF0731,Ananya Malhotra,49,70398,1141348,691,1,0,Non-Defaulter,Non-Defaulter,30.28
LNDF0732,Pooja Singh,52,36315,824019,677,2,0,Non-Defaulter,Non-Defaulter,8.72
LNDF0733,Riya Kapoor,39,109056,327500,726,1,0,Non-Defaulter,Non-Defaulter,1.15
LNDF0734,Sneha Verma,41,100893,433060,736,4,0,Non-Defaulter,Non-Defaulter,8.62
LNDF0735,Kavya Agarwal,25,39547,417138,697,0,0,Non-Defaulter,Non-Defaulter,0.7
LNDF0736,Simran Sharma,38,39364,376841,657,2,1,Defaulter,Defaulter,94.29
LNDF0737,Meera Joshi,48,42122,580850,711,2,0,Non-Defaulter,Non-Defaulter,4.27
LNDF0738,Isha Bansal,42,43774,179779,767,1,0,Non-Defaulter,Non-Defaulter,0.0
LNDF0739,Priya Mehta,41,84358,811595,678,0,0,Non-Defaulter,Non-Defaulter,5.57
LNDF0740,Neha Sinha,26,66602,1269097,663,0,0,Non-Defaulter,Non-Defaulter,18.8
LNDF0741,Aarav Gupta,21,81615,431038,705,1,0,Non-Defaulter,Non-Defaulter,8.22
LNDF0742,Vivaan Chauhan,25,74473,426434,683,1,0,Non-Defaulter,Non-Defaulter,5.98
LNDF0743,Aditya Patel,32,118970,545107,593,0,0,Defaulter,Defaulter,97.24
LNDF0744,Arjun Mishra,46,34145,875916,696,0,1,Non-Defaulter,Non-Defaulter,9.99
LNDF0745,Rohan Kumar,54,65268,418320,592,2,1,Defaulter,Defaulter,94.92
LNDF0746,Rahul Malhotra,34,20679,835707,704,0,1,Non-Defaulter,Non-Defaulter,3.93
LNDF0747,Karan Singh,46,30408,654113,628,0,0,Defaulter,Defaulter,52.01
LNDF0748,Nikhil Kapoor,47,53178,1832606,682,1,0,Non-Defaulter,Non-Defaulter,4.69
LNDF0749,Vikram Verma,29,66389,417316,705,1,1,Non-Defaulter,Non-Defaulter,45.33
LNDF0750,Yash Agarwal,46,52537,168647,840,2,1,Non-Defaulter,Non-Defaulter,3.65
LNDF0751,Ananya Sharma,42,42610,227350,728,0,0,Non-Defaulter,Non-Defaulter,0.57
LNDF0752,Pooja Joshi,50,46159,503291,769,2,0,Non-Defaulter,Non-Defaulter,1.52
LNDF0753,Riya Bansal,37,101858,880019,802,1,0,Non-Defaulter,Non-Defaulter,0.0
LNDF0754,Sneha Mehta,46,46271,349229,712,0,0,Non-Defaulter,Non-Defaulter,6.81
LNDF0755,Kavya Sinha,56,120843,440361,699,0,0,Non-Defaulter,Non-Defaulter,6.05
LNDF0756,Simran Gupta,21,78621,728707,611,3,1,Defaulter,Defaulter,85.31
LNDF0757,Meera Chauhan,28,67574,294044,672,1,1,Non-Defaulter,Non-Defaulter,11.95
LNDF0758,Isha Patel,55,32144,357241,633,1,0,Non-Defaulter,Non-Defaulter,21.38
LNDF0759,Priya Mishra,35,83780,263054,654,0,0,Non-Defaulter,Non-Defaulter,1.47
LNDF0760,Neha Kumar,42,44042,955881,802,0,0,Non-Defaulter,Non-Defaulter,0.41
LNDF0761,Aarav Malhotra,34,32131,1167393,687,2,0,Defaulter,Defaulter,91.25
LNDF0762,Vivaan Singh,46,69277,209753,623,3,0,Defaulter,Defaulter,88.86
LNDF0763,Aditya Kapoor,48,29452,462389,769,1,0,Non-Defaulter,Non-Defaulter,0.27
LNDF0764,Arjun Verma,43,39030,1084203,742,2,1,Non-Defaulter,Defaulter,55.98
LNDF0765,Rohan Agarwal,34,54750,622591,745,2,1,Defaulter,Defaulter,86.02
LNDF0766,Rahul Sharma,44,149250,382040,550,2,0,Defaulter,Defaulter,99.41
LNDF0767,Karan Joshi,22,40375,213624,807,0,0,Non-Defaulter,Non-Defaulter,1.18
LNDF0768,Nikhil Bansal,46,44752,942681,644,4,1,Defaulter,Defaulter,83.82
LNDF0769,Vikram Mehta,34,76469,609654,731,1,0,Non-Defaulter,Non-Defaulter,0.08
LNDF0770,Yash Sinha,27,31504,222397,844,5,0,Non-Defaulter,Non-Defaulter,3.81
LNDF0771,Ananya Gupta,23,67128,962032,820,1,0,Non-Defaulter,Non-Defaulter,0.21
LNDF0772,Pooja Chauhan,43,94632,207345,616,1,0,Defaulter,Defaulter,97.44
LNDF0773,Riya Patel,38,47901,442899,586,3,0,Defaulter,Defaulter,98.91
LNDF0774,Sneha Mishra,58,87278,432278,773,1,0,Non-Defaulter,Non-Defaulter,0.08
LNDF0775,Kavya Kumar,55,62708,1217698,689,4,1,Defaulter,Defaulter,67.49
LNDF0776,Simran Malhotra,35,39588,433128,647,3,0,Defaulter,Defaulter,55.78
LNDF0777,Meera Singh,45,50316,432272,720,2,1,Defaulter,Defaulter,86.03
LNDF0778,Isha Kapoor,57,46360,236256,669,1,1,Defaulter,Defaulter,95.29
LNDF0779,Priya Verma,48,52873,351563,726,0,0,Non-Defaulter,Non-Defaulter,0.27
LNDF0780,Neha Agarwal,30,58913,318970,684,1,0,Defaulter,Defaulter,92.95
LNDF0781,Aarav Sharma,59,71666,328237,727,1,0,Non-Defaulter,Non-Defaulter,0.22
LNDF0782,Vivaan Joshi,37,69147,501731,622,2,0,Non-Defaulter,Non-Defaulter,18.68
LNDF0783,Aditya Bansal,59,18413,131080,773,1,0,Non-Defaulter,Non-Defaulter,0.11
LNDF0784,Arjun Mehta,42,52644,217888,725,0,0,Non-Defaulter,Non-Defaulter,2.06
LNDF0785,Rohan Sinha,46,27885,470383,722,2,0,Non-Defaulter,Non-Defaulter,4.89
LNDF0786,Rahul Gupta,45,48582,534482,607,1,0,Defaulter,Defaulter,98.87
LNDF0787,Karan Chauhan,37,52020,439756,790,0,1,Non-Defaulter,Non-Defaulter,0.44
LNDF0788,Nikhil Patel,33,85336,488906,679,1,0,Non-Defaulter,Non-Defaulter,6.11
LNDF0789,Vikram Mishra,40,54260,399252,727,2,0,Non-Defaulter,Non-Defaulter,9.9
LNDF0790,Yash Kumar,45,61805,494937,659,0,0,Non-Defaulter,Non-Defaulter,0.98
LNDF0791,Ananya Malhotra,24,78587,634848,697,0,0,Non-Defaulter,Non-Defaulter,0.49
LNDF0792,Pooja Singh,30,95566,632406,699,1,0,Non-Defaulter,Non-Defaulter,7.07
LNDF0793,Riya Kapoor,23,52038,342298,497,1,0,Defaulter,Defaulter,99.49
LNDF0794,Sneha Verma,38,57381,827087,718,1,0,Non-Defaulter,Non-Defaulter,1.12
LNDF0795,Kavya Agarwal,56,55249,545127,808,2,0,Non-Defaulter,Non-Defaulter,0.08
LNDF0796,Simran Sharma,42,43085,984689,715,1,0,Non-Defaulter,Non-Defaulter,0.98
LNDF0797,Meera Joshi,54,38909,1099585,618,0,0,Non-Defaulter,Non-Defaulter,14.84
LNDF0798,Isha Bansal,28,19786,226130,722,3,0,Non-Defaulter,Non-Defaulter,7.55
LNDF0799,Priya Mehta,60,33880,311732,749,4,0,Non-Defaulter,Non-Defaulter,2.37
LNDF0800,Neha Sinha,39,24704,782160,713,0,1,Non-Defaulter,Non-Defaulter,13.75
LNDF0801,Aarav Gupta,57,96754,200120,675,2,0,Defaulter,Defaulter,92.96
LNDF0802,Vivaan Chauhan,26,59867,1091934,664,1,1,Defaulter,Defaulter,55.24
LNDF0803,Aditya Patel,46,51970,413837,664,1,0,Defaulter,Defaulter,60.91
LNDF0804,Arjun Mishra,54,39824,685999,725,2,0,Non-Defaulter,Non-Defaulter,1.74
LNDF0805,Rohan Kumar,26,55742,468996,589,2,0,Defaulter,Defaulter,95.95
LNDF0806,Rahul Malhotra,57,37553,232478,656,0,0,Non-Defaulter,Non-Defaulter,3.78
LNDF0807,Karan Singh,53,59480,893510,784,1,0,Non-Defaulter,Non-Defaulter,0.51
LNDF0808,Nikhil Kapoor,42,61431,2269933,786,1,0,Non-Defaulter,Non-Defaulter,0.08
LNDF0809,Vikram Verma,41,37327,376664,584,1,0,Defaulter,Defaulter,93.15
LNDF0810,Yash Agarwal,26,37008,418765,606,1,1,Defaulter,Defaulter,83.78
LNDF0811,Ananya Sharma,26,84802,116466,662,2,0,Defaulter,Defaulter,95.44
LNDF0812,Pooja Joshi,24,53707,1051460,738,2,0,Non-Defaulter,Non-Defaulter,2.04
LNDF0813,Riya Bansal,50,38701,825574,561,2,0,Defaulter,Defaulter,98.44
LNDF0814,Sneha Mehta,31,46554,192722,676,3,0,Non-Defaulter,Non-Defaulter,18.61
LNDF0815,Kavya Sinha,50,34903,160601,649,4,0,Defaulter,Defaulter,96.21
LNDF0816,Simran Gupta,51,53362,171148,766,1,0,Non-Defaulter,Non-Defaulter,0.0
LNDF0817,Meera Chauhan,44,79963,712978,571,2,0,Non-Defaulter,Non-Defaulter,42.48
LNDF0818,Isha Patel,29,54319,753217,686,0,0,Non-Defaulter,Non-Defaulter,3.97
LNDF0819,Priya Mishra,23,159329,300899,654,0,1,Non-Defaulter,Non-Defaulter,14.71
LNDF0820,Neha Kumar,51,66483,657997,776,2,0,Non-Defaulter,Non-Defaulter,1.71
LNDF0821,Aarav Malhotra,60,60996,545657,719,3,1,Non-Defaulter,Defaulter,52.32
LNDF0822,Vivaan Singh,57,36547,408548,642,1,0,Defaulter,Defaulter,94.06
LNDF0823,Aditya Kapoor,56,49402,852537,735,1,0,Non-Defaulter,Non-Defaulter,4.11
LNDF0824,Arjun Verma,44,38736,257725,655,2,0,Defaulter,Defaulter,90.17
LNDF0825,Rohan Agarwal,51,20755,939882,745,0,0,Non-Defaulter,Non-Defaulter,0.71
LNDF0826,Rahul Sharma,26,85264,334930,665,2,0,Non-Defaulter,Non-Defaulter,6.55
LNDF0827,Karan Joshi,22,43693,1332022,749,0,0,Non-Defaulter,Non-Defaulter,0.57
LNDF0828,Nikhil Bansal,40,39062,287634,708,0,0,Non-Defaulter,Non-Defaulter,4.67
LNDF0829,Vikram Mehta,48,60467,412091,850,1,0,Non-Defaulter,Non-Defaulter,0.11
LNDF0830,Yash Sinha,31,69266,516374,677,1,0,Defaulter,Defaulter,93.14
LNDF0831,Ananya Gupta,24,47607,514597,705,1,0,Non-Defaulter,Non-Defaulter,3.37
LNDF0832,Pooja Chauhan,35,54936,654953,649,0,0,Defaulter,Defaulter,89.6
LNDF0833,Riya Patel,26,76947,246530,680,2,0,Defaulter,Defaulter,95.3
LNDF0834,Sneha Mishra,50,46770,489844,504,0,0,Defaulter,Defaulter,99.62
LNDF0835,Kavya Kumar,58,63016,539466,710,0,0,Non-Defaulter,Non-Defaulter,0.65
LNDF0836,Simran Malhotra,22,26067,374036,767,2,0,Non-Defaulter,Non-Defaulter,1.53
LNDF0837,Meera Singh,35,31461,624431,706,4,0,Defaulter,Defaulter,87.55
LNDF0838,Isha Kapoor,31,72228,238437,595,0,0,Defaulter,Defaulter,77.1
LNDF0839,Priya Verma,28,30730,417823,628,0,0,Defaulter,Defaulter,73.71
LNDF0840,Neha Agarwal,46,61111,330417,522,3,0,Defaulter,Defaulter,99.29
LNDF0841,Aarav Sharma,25,51480,418518,744,1,1,Non-Defaulter,Non-Defaulter,4.56
LNDF0842,Vivaan Joshi,26,46680,1108184,615,0,1,Defaulter,Defaulter,93.22
LNDF0843,Aditya Bansal,46,37884,1120084,678,1,0,Non-Defaulter,Non-Defaulter,14.68
LNDF0844,Arjun Mehta,24,82809,1005597,670,0,0,Non-Defaulter,Non-Defaulter,5.64
LNDF0845,Rohan Sinha,39,119795,387752,777,1,1,Non-Defaulter,Non-Defaulter,7.08
LNDF0846,Rahul Gupta,40,62955,823693,686,0,0,Non-Defaulter,Non-Defaulter,6.38
LNDF0847,Karan Chauhan,53,63590,531874,733,1,0,Non-Defaulter,Non-Defaulter,1.09
LNDF0848,Nikhil Patel,40,40459,512696,716,1,0,Non-Defaulter,Non-Defaulter,1.8
LNDF0849,Vikram Mishra,32,32107,479172,768,1,0,Non-Defaulter,Non-Defaulter,0.24
LNDF0850,Yash Kumar,21,54025,1315192,664,3,0,Non-Defaulter,Defaulter,50.27
LNDF0851,Ananya Malhotra,46,35486,1059783,802,4,0,Non-Defaulter,Non-Defaulter,6.31
LNDF0852,Pooja Singh,34,24771,753178,551,1,0,Defaulter,Defaulter,94.08
LNDF0853,Riya Kapoor,58,78955,455294,736,0,0,Non-Defaulter,Non-Defaulter,2.27
LNDF0854,Sneha Verma,57,80706,510998,624,3,0,Defaulter,Defaulter,97.48
LNDF0855,Kavya Agarwal,31,37370,669425,648,0,0,Non-Defaulter,Non-Defaulter,9.23
LNDF0856,Simran Sharma,56,61382,375299,717,2,0,Non-Defaulter,Non-Defaulter,1.14
LNDF0857,Meera Joshi,33,86333,837718,716,3,0,Non-Defaulter,Non-Defaulter,3.33
LNDF0858,Isha Bansal,23,60316,301245,719,3,0,Non-Defaulter,Non-Defaulter,4.09
LNDF0859,Priya Mehta,53,32150,620250,590,1,0,Defaulter,Defaulter,93.13
LNDF0860,Neha Sinha,26,49528,141920,774,0,0,Non-Defaulter,Non-Defaulter,0.0
LNDF0861,Aarav Gupta,30,99923,369359,621,5,0,Defaulter,Defaulter,88.85
LNDF0862,Vivaan Chauhan,25,61467,1567646,630,1,0,Defaulter,Defaulter,92.23
LNDF0863,Aditya Patel,43,70101,884050,721,0,0,Non-Defaulter,Non-Defaulter,17.36
LNDF0864,Arjun Mishra,30,64140,1163416,661,1,0,Non-Defaulter,Non-Defaulter,44.85
LNDF0865,Rohan Kumar,22,37426,346398,700,3,0,Defaulter,Defaulter,95.47
LNDF0866,Rahul Malhotra,33,41594,529368,540,1,0,Defaulter,Defaulter,99.79
LNDF0867,Karan Singh,60,64060,1012020,698,0,0,Non-Defaulter,Non-Defaulter,2.83
LNDF0868,Nikhil Kapoor,22,79434,708259,694,1,0,Non-Defaulter,Non-Defaulter,11.33
LNDF0869,Vikram Verma,40,90224,661374,647,0,0,Non-Defaulter,Non-Defaulter,10.89
LNDF0870,Yash Agarwal,21,37382,1225897,545,2,0,Defaulter,Defaulter,100.0
LNDF0871,Ananya Sharma,57,66836,282127,666,0,0,Non-Defaulter,Non-Defaulter,4.68
LNDF0872,Pooja Joshi,29,93832,451817,678,1,0,Non-Defaulter,Non-Defaulter,8.04
LNDF0873,Riya Bansal,37,35274,190540,656,3,1,Defaulter,Defaulter,90.33
LNDF0874,Sneha Mehta,29,107380,273773,561,2,1,Defaulter,Defaulter,99.23
LNDF0875,Kavya Sinha,31,114991,902718,784,1,0,Non-Defaulter,Non-Defaulter,0.11
LNDF0876,Simran Gupta,35,179221,301891,638,1,0,Non-Defaulter,Non-Defaulter,7.16
LNDF0877,Meera Chauhan,44,61023,749305,666,1,0,Non-Defaulter,Non-Defaulter,3.06
LNDF0878,Isha Patel,58,61174,1244856,523,0,0,Defaulter,Defaulter,98.98
LNDF0879,Priya Mishra,55,79797,453385,784,5,0,Non-Defaulter,Non-Defaulter,4.07
LNDF0880,Neha Kumar,50,78755,665496,650,0,0,Non-Defaulter,Non-Defaulter,6.92
LNDF0881,Aarav Malhotra,51,91304,752522,686,2,0,Non-Defaulter,Non-Defaulter,45.63
LNDF0882,Vivaan Singh,25,78269,255388,753,1,0,Non-Defaulter,Non-Defaulter,0.0
LNDF0883,Aditya Kapoor,34,52437,356224,636,4,0,Defaulter,Defaulter,92.23
LNDF0884,Arjun Verma,31,95319,287895,743,1,0,Non-Defaulter,Non-Defaulter,0.62
LNDF0885,Rohan Agarwal,29,33963,372192,546,0,0,Defaulter,Defaulter,98.6
LNDF0886,Rahul Sharma,54,55145,741347,716,0,0,Non-Defaulter,Non-Defaulter,4.6
LNDF0887,Karan Joshi,32,111165,360413,782,2,0,Non-Defaulter,Non-Defaulter,0.66
LNDF0888,Nikhil Bansal,55,31335,490426,642,0,0,Defaulter,Defaulter,92.92
LNDF0889,Vikram Mehta,55,40547,281816,753,3,0,Non-Defaulter,Non-Defaulter,0.84
LNDF0890,Yash Sinha,21,74412,981557,799,1,0,Non-Defaulter,Non-Defaulter,0.08
LNDF0891,Ananya Gupta,60,65667,370479,663,2,0,Defaulter,Defaulter,91.13
LNDF0892,Pooja Chauhan,42,37098,1155453,658,2,0,Non-Defaulter,Non-Defaulter,18.86
LNDF0893,Riya Patel,49,45606,517039,622,1,0,Defaulter,Defaulter,91.86
LNDF0894,Sneha Mishra,28,32330,230617,647,4,0,Defaulter,Defaulter,97.33
LNDF0895,Kavya Kumar,31,85503,455112,627,2,0,Defaulter,Non-Defaulter,49.97
LNDF0896,Simran Malhotra,57,49018,278685,622,2,0,Defaulter,Defaulter,95.91
LNDF0897,Meera Singh,34,123199,691422,758,0,1,Non-Defaulter,Non-Defaulter,4.51
LNDF0898,Isha Kapoor,50,57044,433052,629,1,0,Defaulter,Defaulter,94.49
LNDF0899,Priya Verma,55,49822,546959,697,0,0,Non-Defaulter,Non-Defaulter,1.09
LNDF0900,Neha Agarwal,41,47692,408080,682,1,0,Non-Defaulter,Non-Defaulter,7.04
LNDF0901,Aarav Sharma,57,49276,368400,777,2,1,Non-Defaulter,Non-Defaulter,5.41
LNDF0902,Vivaan Joshi,25,57812,292691,647,2,0,Defaulter,Defaulter,96.9
LNDF0903,Aditya Bansal,39,170360,791976,705,2,0,Defaulter,Defaulter,81.31
LNDF0904,Arjun Mehta,34,47221,454580,731,5,0,Defaulter,Defaulter,86.72
LNDF0905,Rohan Sinha,46,47917,420535,777,1,1,Non-Defaulter,Non-Defaulter,1.2
LNDF0906,Rahul Gupta,24,56648,448357,646,1,0,Non-Defaulter,Non-Defaulter,11.87
LNDF0907,Karan Chauhan,45,89833,344204,640,1,0,Defaulter,Defaulter,94.53
LNDF0908,Nikhil Patel,45,29017,421308,611,1,0,Non-Defaulter,Non-Defaulter,12.09
LNDF0909,Vikram Mishra,38,67500,559870,825,5,0,Non-Defaulter,Non-Defaulter,2.02
LNDF0910,Yash Kumar,60,38072,283109,770,1,1,Non-Defaulter,Non-Defaulter,10.6
LNDF0911,Ananya Malhotra,28,70549,306576,677,1,0,Defaulter,Defaulter,91.08
LNDF0912,Pooja Singh,59,44042,1067062,806,2,0,Non-Defaulter,Non-Defaulter,0.35
LNDF0913,Riya Kapoor,60,19501,409564,673,2,0,Defaulter,Defaulter,94.39
LNDF0914,Sneha Verma,34,64952,369167,727,2,1,Defaulter,Defaulter,53.87
LNDF0915,Kavya Agarwal,52,64706,238765,681,0,0,Non-Defaulter,Non-Defaulter,9.13
LNDF0916,Simran Sharma,58,42383,798297,706,2,0,Non-Defaulter,Non-Defaulter,10.55
LNDF0917,Meera Joshi,53,41268,279737,699,2,0,Non-Defaulter,Non-Defaulter,4.15
LNDF0918,Isha Bansal,43,30484,495812,652,2,0,Non-Defaulter,Non-Defaulter,6.23
LNDF0919,Priya Mehta,35,77885,195411,751,2,1,Non-Defaulter,Non-Defaulter,9.91
LNDF0920,Neha Sinha,53,81804,784152,727,3,1,Non-Defaulter,Non-Defaulter,44.47
LNDF0921,Aarav Gupta,45,37031,955160,747,2,0,Non-Defaulter,Non-Defaulter,2.4
LNDF0922,Vivaan Chauhan,37,43136,652685,701,3,1,Defaulter,Defaulter,93.6
LNDF0923,Aditya Patel,53,53456,215001,621,0,0,Defaulter,Defaulter,85.46
LNDF0924,Arjun Mishra,22,152814,793083,791,1,0,Non-Defaulter,Non-Defaulter,0.85
LNDF0925,Rohan Kumar,34,70291,317211,663,1,0,Non-Defaulter,Non-Defaulter,8.91
LNDF0926,Rahul Malhotra,60,35974,262585,704,4,1,Non-Defaulter,Non-Defaulter,17.07
LNDF0927,Karan Singh,60,63057,404926,721,0,0,Non-Defaulter,Non-Defaulter,0.87
LNDF0928,Nikhil Kapoor,59,29601,400517,703,0,0,Non-Defaulter,Non-Defaulter,1.21
LNDF0929,Vikram Verma,26,75977,378733,740,1,1,Non-Defaulter,Non-Defaulter,15.62
LNDF0930,Yash Agarwal,26,116901,1007401,750,1,0,Non-Defaulter,Non-Defaulter,0.0
LNDF0931,Ananya Sharma,23,117125,1511885,665,0,0,Defaulter,Defaulter,93.31
LNDF0932,Pooja Joshi,27,76557,235470,786,4,0,Non-Defaulter,Non-Defaulter,1.4
LNDF0933,Riya Bansal,28,42300,342321,663,0,0,Non-Defaulter,Non-Defaulter,6.33
LNDF0934,Sneha Mehta,35,30628,540838,702,1,1,Non-Defaulter,Non-Defaulter,31.56
LNDF0935,Kavya Sinha,49,29290,403757,655,3,1,Defaulter,Defaulter,91.26
LNDF0936,Simran Gupta,53,18000,622832,636,1,0,Non-Defaulter,Non-Defaulter,11.41
LNDF0937,Meera Chauhan,50,75156,827493,748,1,0,Non-Defaulter,Non-Defaulter,0.55
LNDF0938,Isha Patel,59,52513,755031,850,1,0,Non-Defaulter,Non-Defaulter,0.22
LNDF0939,Priya Mishra,47,82804,699217,656,4,0,Defaulter,Defaulter,97.03
LNDF0940,Neha Kumar,56,104579,1245274,759,1,0,Non-Defaulter,Non-Defaulter,0.84
LNDF0941,Aarav Malhotra,49,57529,208656,659,1,0,Non-Defaulter,Non-Defaulter,5.5
LNDF0942,Vivaan Singh,58,58734,1128526,679,4,0,Defaulter,Defaulter,94.05
LNDF0943,Aditya Kapoor,53,44629,398402,794,2,0,Non-Defaulter,Non-Defaulter,0.57
LNDF0944,Arjun Verma,57,47068,770028,610,0,0,Defaulter,Defaulter,98.47
LNDF0945,Rohan Agarwal,47,76336,283806,593,5,0,Defaulter,Defaulter,98.31
LNDF0946,Rahul Sharma,53,50849,303365,674,0,0,Non-Defaulter,Non-Defaulter,11.06
LNDF0947,Karan Joshi,24,47645,719655,723,1,0,Non-Defaulter,Non-Defaulter,1.39
LNDF0948,Nikhil Bansal,42,54549,173089,710,2,0,Non-Defaulter,Non-Defaulter,1.99
LNDF0949,Vikram Mehta,22,81956,861609,703,0,0,Non-Defaulter,Non-Defaulter,1.06
LNDF0950,Yash Sinha,30,40271,999833,682,1,0,Non-Defaulter,Non-Defaulter,1.74
LNDF0951,Ananya Gupta,25,53378,551361,731,1,0,Non-Defaulter,Non-Defaulter,0.44
LNDF0952,Pooja Chauhan,30,61418,540544,491,2,0,Defaulter,Defaulter,98.45
LNDF0953,Riya Patel,53,92706,316116,631,1,0,Defaulter,Defaulter,90.35
LNDF0954,Sneha Mishra,58,49385,724553,674,0,0,Defaulter,Defaulter,78.59
LNDF0955,Kavya Kumar,33,39818,605360,726,1,0,Non-Defaulter,Non-Defaulter,2.75
LNDF0956,Simran Malhotra,51,44229,301202,777,1,0,Non-Defaulter,Non-Defaulter,0.11
LNDF0957,Meera Singh,56,88341,403144,622,3,0,Defaulter,Defaulter,89.31
LNDF0958,Isha Kapoor,44,137321,458048,775,1,0,Non-Defaulter,Non-Defaulter,3.12
LNDF0959,Priya Verma,35,30452,402851,651,2,0,Defaulter,Defaulter,96.91
LNDF0960,Neha Agarwal,49,33597,236277,672,1,1,Defaulter,Defaulter,91.73
LNDF0961,Aarav Sharma,28,50977,734411,718,1,0,Non-Defaulter,Non-Defaulter,0.55
LNDF0962,Vivaan Joshi,25,57816,437325,667,2,0,Defaulter,Defaulter,96.16
LNDF0963,Aditya Bansal,49,78372,504243,752,1,1,Non-Defaulter,Non-Defaulter,5.48
LNDF0964,Arjun Mehta,24,36830,363784,654,1,0,Non-Defaulter,Non-Defaulter,5.04
LNDF0965,Rohan Sinha,32,34088,649373,655,1,0,Defaulter,Defaulter,85.67
LNDF0966,Rahul Gupta,22,58526,557739,748,4,0,Defaulter,Non-Defaulter,23.5
LNDF0967,Karan Chauhan,47,48962,974222,630,3,0,Defaulter,Defaulter,77.18
LNDF0968,Nikhil Patel,51,83459,651279,696,1,0,Non-Defaulter,Non-Defaulter,6.66
LNDF0969,Vikram Mishra,56,68487,447256,572,1,0,Defaulter,Defaulter,99.53
LNDF0970,Yash Kumar,56,70616,332874,798,2,0,Non-Defaulter,Non-Defaulter,0.35
LNDF0971,Ananya Malhotra,46,52474,805032,758,0,0,Non-Defaulter,Non-Defaulter,0.57
LNDF0972,Pooja Singh,47,158752,428029,850,1,0,Non-Defaulter,Non-Defaulter,1.4
LNDF0973,Riya Kapoor,25,37726,454939,767,2,0,Non-Defaulter,Non-Defaulter,1.91
LNDF0974,Sneha Verma,40,72399,454875,607,1,0,Non-Defaulter,Defaulter,82.0
LNDF0975,Kavya Agarwal,31,31062,400905,723,1,0,Non-Defaulter,Non-Defaulter,1.82
LNDF0976,Simran Sharma,30,33929,459258,620,3,0,Defaulter,Defaulter,98.94
LNDF0977,Meera Joshi,60,41847,1442340,783,5,0,Non-Defaulter,Non-Defaulter,1.9
LNDF0978,Isha Bansal,58,114495,280986,608,1,0,Defaulter,Defaulter,95.82
LNDF0979,Priya Mehta,26,61935,319460,605,1,0,Non-Defaulter,Non-Defaulter,40.37
LNDF0980,Neha Sinha,28,42166,1070613,575,0,0,Defaulter,Defaulter,98.97
LNDF0981,Aarav Gupta,43,65094,406859,648,1,0,Non-Defaulter,Non-Defaulter,4.92
LNDF0982,Vivaan Chauhan,46,55877,390242,635,0,0,Non-Defaulter,Non-Defaulter,16.67
LNDF0983,Aditya Patel,32,44077,883405,598,3,0,Defaulter,Defaulter,98.83
LNDF0984,Arjun Mishra,46,29337,228949,809,1,0,Non-Defaulter,Non-Defaulter,0.19
LNDF0985,Rohan Kumar,33,105075,785569,714,2,0,Non-Defaulter,Non-Defaulter,3.52
LNDF0986,Rahul Malhotra,60,60446,512703,707,2,0,Non-Defaulter,Non-Defaulter,3.51
LNDF0987,Karan Singh,38,146279,645645,783,0,0,Non-Defaulter,Non-Defaulter,0.57
LNDF0988,Nikhil Kapoor,45,83972,639013,697,1,0,Non-Defaulter,Non-Defaulter,6.18
LNDF0989,Vikram Verma,53,70487,353972,631,3,1,Defaulter,Defaulter,95.08
LNDF0990,Yash Agarwal,60,45218,891370,569,1,0,Defaulter,Defaulter,98.65
LNDF0991,Ananya Sharma,32,33597,369456,628,1,0,Defaulter,Defaulter,89.25
LNDF0992,Pooja Joshi,56,49867,626078,778,0,0,Non-Defaulter,Non-Defaulter,0.6
LNDF0993,Riya Bansal,24,33162,987678,598,2,0,Defaulter,Defaulter,90.31
LNDF0994,Sneha Mehta,25,73694,1067425,703,0,0,Defaulter,Non-Defaulter,4.75
LNDF0995,Kavya Sinha,57,114666,431682,747,0,0,Non-Defaulter,Non-Defaulter,0.54
LNDF0996,Simran Gupta,28,48907,645053,699,1,0,Non-Defaulter,Non-Defaulter,2.65
LNDF0997,Meera Chauhan,48,84129,410300,706,0,0,Defaulter,Defaulter,77.03
LNDF0998,Isha Patel,51,40333,1981672,723,2,0,Non-Defaulter,Non-Defaulter,3.19
LNDF0999,Priya Mishra,29,48001,767914,705,3,0,Defaulter,Defaulter,93.18
LNDF1000,Neha Kumar,49,38115,523659,785,0,0,Non-Defaulter,Non-Defaulter,0.16
